Slot,Roll,Department,Program,Company,Job code
10.1,183059003,Computer Science & Engineering,M.Tech.,Colortokens,1
10.1,193100039,Mechanical Engineering,M.Tech.,Impact Guru Technology Ventures Pvt. Ltd.,1
10.1,195280009,Applied Statistics and Informatics,M.Sc.,NeuralTechSoft,1
10.1,193070021,Electrical Engineering,M.Tech.,Ignitarium Technology Solutions Pvt Ltd,1
10.1,193060032,Earth Sciences,M.Tech.,Impact Guru Technology Ventures Pvt. Ltd.,1
10.1,183310001,Geoinformatics and Natural Resources Engineering,M.Tech.,Regent Climate Connect Knowledge Solutions Private Limited,1
10.1,193050057,Computer Science & Engineering,M.Tech.,Colortokens,1
10.1,170070003,Electrical Engineering,B.Tech.,BeeHyv,1
10.1,193170012,Energy Science and Engineering,M.Tech.,Impact Guru Technology Ventures Pvt. Ltd.,1
10.1,183109005,Mechanical Engineering,M.Tech.,Applied Materials,2
10.1,193110015,Metallurgical Engineering and Materials Science,M.Tech.,LnT LTD,1
10.1,193010030,Aerospace Engineering,M.Tech.,LnT LTD,1
10.1,193180013,Environmental Science & Engineering,M.Tech.,LnT LTD,1
10.1,193310014,Geoinformatics and Natural Resources Engineering,M.Tech.,Regent Climate Connect Knowledge Solutions Private Limited,1
10.1,16D070026,Electrical Engineering,Dual Degree (B.Tech. + M.Tech.),Ignitarium Technology Solutions Pvt Ltd,1
10.1,193110054,Metallurgical Engineering and Materials Science,M.Tech.,Impact Guru Technology Ventures Pvt. Ltd.,1
10.1,160110047,Metallurgical Engineering and Materials Science,B.Tech.,Agrifi,1
10.1,170050085,Computer Science & Engineering,B.Tech.,Agrifi,2
10.1,193040049,Civil Engineering,M.Tech.,LnT LTD,1
10.1,170020120,Chemical Engineering,B.Tech.,BeeHyv,1
10.1,193060013,Earth Sciences,M.Tech.,Impact Guru Technology Ventures Pvt. Ltd.,1
10.1,195060002,Earth Sciences,M.Sc.,Impact Guru Technology Ventures Pvt. Ltd.,1
10.1,164076016,Electrical Engineering,Ph.D.,www.globalfoundries.com,3
10.1,170100087,Mechanical Engineering,B.Tech.,BeeHyv,1
10.1,170070053,Electrical Engineering,B.Tech.,Jalan Technology Consulting,1
10.1,193040056,Civil Engineering,M.Tech.,LnT LTD,1
10.1,170260016,Engineering Physics,B.Tech.,BeeHyv,1
10.1,18310R001,Mechanical Engineering,M.Tech.,LnT LTD,1
10.1,193180016,Environmental Science & Engineering,M.Tech.,Regent Climate Connect Knowledge Solutions Private Limited,2
10.1,193040032,Civil Engineering,M.Tech.,Impact Guru Technology Ventures Pvt. Ltd.,1
10.1,170100045,Mechanical Engineering,B.Tech.,BeeHyv,1
10.1,173110014,Metallurgical Engineering and Materials Science,M.Tech.,Impact Guru Technology Ventures Pvt. Ltd.,1
10.1,183050046,Computer Science & Engineering,M.Tech.,Innoviti Payment Solutions,1
10.1,193180018,Environmental Science & Engineering,M.Tech.,Regent Climate Connect Knowledge Solutions Private Limited,2
10.1,193060031,Earth Sciences,M.Tech.,Impact Guru Technology Ventures Pvt. Ltd.,1
10.1,193100011,Mechanical Engineering,M.Tech.,LnT LTD,1
10.1,16D070027,Electrical Engineering,Dual Degree (B.Tech. + M.Tech.),Agrifi,2
10.1,19F464006,Centre for Policy Studies,M.P.P,Impact Guru Technology Ventures Pvt. Ltd.,1
10.1,160110023,Metallurgical Engineering and Materials Science,Dual Degree (B.Tech. + M.Tech.),BeeHyv,1
10.1,170040104,Civil Engineering,B.Tech.,Mace Group,1
10.1,18310R002,Mechanical Engineering,M.Tech.,Applied Materials,2
10.1,170010024,Aerospace Engineering,B.Tech.,BeeHyv,1
10.1,193040015,Civil Engineering,M.Tech.,LnT LTD,1
10.1,193040019,Civil Engineering,M.Tech.,LnT LTD,1
10.1,170040003,Civil Engineering,B.Tech.,Mace Group,1
11.1,193040007,Civil Engineering,M.Tech.,Fullerton India Credit Company Ltd,1
11.1,193110034,Metallurgical Engineering and Materials Science,M.Tech.,Fullerton India Credit Company Ltd,1
11.1,195090025,Mathematics,M.Sc.,Fullerton India Credit Company Ltd,1
11.1,195120030,Physics,M.Sc.,Quantsapp Private limited,1
11.1,193010032,Aerospace Engineering,M.Tech.,Quantsapp Private limited,1
11.1,193040053,Civil Engineering,M.Tech.,SPECTRUM Techno Consultants Pvt Ltd,1
11.1,193040054,Civil Engineering,M.Tech.,SPECTRUM Techno Consultants Pvt Ltd,1
1.1,170050104,Computer Science & Engineering,B.Tech.,Google India Pvt. Ltd.,1
1.1,170110044,Mechanical Engineering,B.Tech.,Bain & Company,1
1.1,17B030019,Chemistry,B.S.,Goldman Sachs,1
1.1,160110071,Electrical Engineering,Dual Degree (B.Tech. + M.Tech.),Boston Consulting Group,1
1.1,16D170019,"Energy Science and Engineering, Energy Science and Engineering",Dual Degree (B.Tech. + M.Tech.),Procter and Gamble,1
1.1,160020009,Electrical Engineering,Dual Degree (B.Tech. + M.Tech.),Microsoft India Pvt. Ltd.,1
1.1,170040117,Civil Engineering,B.Tech.,Boston Consulting Group,1
1.1,183059007,Computer Science & Engineering,M.Tech.,Microsoft India Pvt. Ltd.,1
1.1,170100032,Mechanical Engineering,B.Tech.,Bain & Company,1
1.1,193100062,Mechanical Engineering,M.Tech.,Airbus Group India Private Limited,6
1.1,170100021,Mechanical Engineering,B.Tech.,Bain & Company,1
1.1,183076004,Electrical Engineering,M.Tech.,Texas Instruments,2
1.1,170050010,Computer Science & Engineering,B.Tech.,Google India Pvt. Ltd.,1
1.1,18307R026,Electrical Engineering,M.Tech.,Qualcomm,1
1.1,170050022,Computer Science & Engineering,B.Tech.,Optiver,3
1.1,17D110005,Metallurgical Engineering and Materials Science,B.Tech.,Optiver,1
1.1,16D170004,"Energy Science and Engineering, Energy Science and Engineering",Dual Degree (B.Tech. + M.Tech.),Microsoft India Pvt. Ltd.,1
1.1,18305R003,Computer Science & Engineering,M.Tech.,Microsoft India Pvt. Ltd.,1
1.1,170020015,Chemical Engineering,B.Tech.,Optiver,3
1.1,170050099,Computer Science & Engineering,B.Tech.,Microsoft India Pvt. Ltd.,1
1.1,16D070040,Electrical Engineering,Dual Degree (B.Tech. + M.Tech.),WorldQuant Research (India) Private Limited,1
1.1,193050052,Computer Science & Engineering,M.Tech.,Qualcomm,5
1.1,170050080,Computer Science & Engineering,B.Tech.,Apple,1
1.1,16D170015,"Energy Science and Engineering, Energy Science and Engineering",Dual Degree (B.Tech. + M.Tech.),Apple,1
1.1,16D070044,Electrical Engineering,Dual Degree (B.Tech. + M.Tech.),Microsoft India Pvt. Ltd.,1
1.1,16D070010,Electrical Engineering,Dual Degree (B.Tech. + M.Tech.),Google India Pvt. Ltd.,2
1.1,170050081,Computer Science & Engineering,B.Tech.,Google India Pvt. Ltd.,1
1.1,183079018,Electrical Engineering,M.Tech.,Texas Instruments,2
1.1,193070038,Electrical Engineering,M.Tech.,Qualcomm,15
1.1,193050020,Computer Science & Engineering,M.Tech.,Apple,1
1.1,16D070011,Electrical Engineering,Dual Degree (B.Tech. + M.Tech.),Google India Pvt. Ltd.,1
1.1,170110064,Metallurgical Engineering and Materials Science,B.Tech.,Texas Instruments,1
1.1,170110002,Aerospace Engineering,B.Tech.,Morgan Stanley IB,1
1.1,193050004,Computer Science & Engineering,M.Tech.,Google India Pvt. Ltd.,1
1.1,170070038,Electrical Engineering,B.Tech.,Texas Instruments,3
1.1,170100026,Electrical Engineering,B.Tech.,Microsoft India Pvt. Ltd.,2
1.1,16D100021,Mechanical Engineering,Dual Degree (B.Tech. + M.Tech.),Boston Consulting Group,1
1.1,193230001,Systems & Control Engineering,M.Tech.,GE ITC,1
1.1,16D070036,Electrical Engineering,Dual Degree (B.Tech. + M.Tech.),Kearney,1
1.1,193050075,Computer Science & Engineering,M.Tech.,Microsoft India Pvt. Ltd.,1
1.1,193070081,Electrical Engineering,M.Tech.,Texas Instruments,1
1.1,170040067,Civil Engineering,B.Tech.,Apple,1
1.1,170050097,Computer Science & Engineering,B.Tech.,Uber India Systems Pvt LTD,1
1.1,16D100008,Mechanical Engineering,Dual Degree (B.Tech. + M.Tech.),Airbus Group India Private Limited,4
1.1,193050007,Computer Science & Engineering,M.Tech.,Apple,1
1.1,170020121,Mechanical Engineering,B.Tech.,Arthur D. Little,1
1.1,193050017,Computer Science & Engineering,M.Tech.,Qualcomm,13
1.1,18307R030,Electrical Engineering,M.Tech.,Qualcomm,15
1.1,170040017,Civil Engineering,B.Tech.,Kearney,1
1.1,160040101,Electrical Engineering,Dual Degree (B.Tech. + M.Tech.),Google India Pvt. Ltd.,1
1.1,18305R005,Computer Science & Engineering,M.Tech.,Google India Pvt. Ltd.,1
1.1,193050005,Computer Science & Engineering,M.Tech.,Google India Pvt. Ltd.,1
1.1,16D260012,Engineering Physics,Dual Degree (B.Tech. + M.Tech.),Apple,1
1.1,170020074,Chemical Engineering,B.Tech.,Procter and Gamble,1
1.1,193050090,Computer Science & Engineering,M.Tech.,Microsoft India Pvt. Ltd.,1
1.1,183079030,Electrical Engineering,M.Tech.,Texas Instruments,2
1.1,170050001,Computer Science & Engineering,B.Tech.,Optiver,3
1.1,170110097,Economics,B.S.,Boston Consulting Group,1
1.1,193070077,Electrical Engineering,M.Tech.,Texas Instruments,1
1.1,16D070046,Electrical Engineering,Dual Degree (B.Tech. + M.Tech.),Goldman Sachs,1
1.1,18307R033,Electrical Engineering,M.Tech.,Texas Instruments,2
1.1,18307R021,Electrical Engineering,M.Tech.,Texas Instruments,2
1.1,170100018,Mechanical Engineering,B.Tech.,Boston Consulting Group,1
1.1,193070054,Electrical Engineering,M.Tech.,Texas Instruments,1
1.1,170050011,Computer Science & Engineering,B.Tech.,Uber India Systems Pvt LTD,1
1.1,17B080011,Economics,B.S.,Boston Consulting Group,1
1.1,170100010,Mechanical Engineering,B.Tech.,Goldman Sachs,1
1.1,193070002,Electrical Engineering,M.Tech.,Apple,2
1.1,18307R019,Electrical Engineering,M.Tech.,Texas Instruments,2
1.1,170020118,Chemical Engineering,B.Tech.,Kearney,1
1.1,193050092,Computer Science & Engineering,M.Tech.,Microsoft India Pvt. Ltd.,1
1.1,183079028,Electrical Engineering,M.Tech.,Google India Pvt. Ltd.,2
1.1,170020047,Chemical Engineering,B.Tech.,Arthur D. Little,1
1.1,183079014,Electrical Engineering,M.Tech.,GE ITC,1
1.1,193050026,Computer Science & Engineering,M.Tech.,Qualcomm,13
1.1,16D070047,Electrical Engineering,Dual Degree (B.Tech. + M.Tech.),Qualcomm,9
1.1,160020043,Electrical Engineering,Dual Degree (B.Tech. + M.Tech.),Bain & Company,1
1.1,17D100013,Electrical Engineering,B.Tech.,Google India Pvt. Ltd.,2
1.1,170050107,Computer Science & Engineering,B.Tech.,Optiver,3
1.1,193190005,Industrial Engineering & Operations Research,M.Tech.,ANZ Bank,1
1.1,183079035,Electrical Engineering,M.Tech.,Google India Pvt. Ltd.,2
1.1,170020031,Chemical Engineering,B.Tech.,Procter and Gamble,1
1.1,16D070030,"Electrical Engineering, Electrical Engineering",Dual Degree (B.Tech. + M.Tech.),Texas Instruments,1
1.1,193100028,Mechanical Engineering,M.Tech.,GE ITC,1
1.1,183079031,Electrical Engineering,M.Tech.,Qualcomm,9
1.1,170100024,Mechanical Engineering,B.Tech.,Boston Consulting Group,1
1.1,170110047,Economics,B.S.,Bain & Company,1
1.1,193170021,Energy Science and Engineering,M.Tech.,GE ITC,1
1.1,193050033,Computer Science & Engineering,M.Tech.,Microsoft India Pvt. Ltd.,1
1.1,183236001,Systems & Control Engineering,M.Tech.,GE ITC,1
1.1,183079023,Electrical Engineering,M.Tech.,Qualcomm,15
1.1,18307R015,Electrical Engineering,M.Tech.,Texas Instruments,1
1.1,193070039,Electrical Engineering,M.Tech.,Google India Pvt. Ltd.,2
1.1,18307R014,Electrical Engineering,M.Tech.,Texas Instruments,2
1.1,170050060,Computer Science & Engineering,B.Tech.,Optiver,3
1.1,193070075,Electrical Engineering,M.Tech.,Texas Instruments,2
1.1,170070054,Electrical Engineering,B.Tech.,Optiver,3
1.1,193070055,Electrical Engineering,M.Tech.,Qualcomm,15
1.1,170110014,Metallurgical Engineering and Materials Science,B.Tech.,Goldman Sachs,1
1.1,193040002,Civil Engineering,M.Tech.,ANZ Bank,1
12.1,170010006,Aerospace Engineering,B.Tech.,Miko,3
12.1,193230010,Systems & Control Engineering,M.Tech.,IFM Engineering Private Limited,1
12.1,193070030,Electrical Engineering,M.Tech.,Miko,2
12.1,193070034,Electrical Engineering,M.Tech.,Astrome Technologies Private Limited,1
12.1,193050056,Computer Science & Engineering,M.Tech.,Miko,1
12.1,17B030029,Chemistry,B.S.,Atyati Technologies Pvt Ltd,1
12.1,160020041,Chemical Engineering,B.Tech.,Atyati Technologies Pvt Ltd,1
1.2,170100044,Mechanical Engineering,B.Tech.,Jaguar Land Rover India Limited,3
1.2,170110069,Metallurgical Engineering and Materials Science,B.Tech.,Mastercard,1
1.2,160070031,Electrical Engineering,Dual Degree (B.Tech. + M.Tech.),Taiwan Semiconductor Manufacturing Company,11
1.2,193050044,Computer Science & Engineering,M.Tech.,Cohesity,1
1.2,16D110011,Metallurgical Engineering and Materials Science,Dual Degree (B.Tech. + M.Tech.),McKinsey Knowledge Center,2
1.2,160110078,Mechanical Engineering,Dual Degree (B.Tech. + M.Tech.),Reckitt Benckiser,1
1.2,170040019,Civil Engineering,B.Tech.,Arpwood Capital,1
1.2,170070040,Electrical Engineering,B.Tech.,PricewaterhouseCoopers Service Delivery Center (Bangalore) Pvt Ltd - MC Analytics,1
1.2,170040079,Civil Engineering,B.Tech.,Mastercard,1
1.2,170070013,Electrical Engineering,B.Tech.,Quadeye (QE Securities LLP),1
1.2,170020092,Mechanical Engineering,B.Tech.,PricewaterhouseCoopers Service Delivery Center (Bangalore) Pvt Ltd - MC Analytics,1
1.2,183106003,Mechanical Engineering,M.Tech.,Taiwan Semiconductor Manufacturing Company,5
1.2,16D070032,Electrical Engineering,Dual Degree (B.Tech. + M.Tech.),Morgan Stanley,1
1.2,170110066,Metallurgical Engineering and Materials Science,B.Tech.,Flipkart,1
1.2,170100041,Mechanical Engineering,B.Tech.,Morgan Stanley,2
1.2,193070053,Electrical Engineering,M.Tech.,Taiwan Semiconductor Manufacturing Company,11
1.2,170020005,Chemical Engineering,B.Tech.,Auctus Advisors Pvt Ltd,1
1.2,193070080,Electrical Engineering,M.Tech.,Taiwan Semiconductor Manufacturing Company,11
1.2,170020035,Chemical Engineering,B.Tech.,International Asset Reconstruction Company Private Limited,1
1.2,16D070063,Electrical Engineering,Dual Degree (B.Tech. + M.Tech.),Morgan Stanley,1
1.2,170040012,Civil Engineering,B.Tech.,Honda R&D,2
1.2,170050029,Computer Science & Engineering,B.Tech.,Quadeye (QE Securities LLP),2
1.2,193050024,Computer Science & Engineering,M.Tech.,Taiwan Semiconductor Manufacturing Company,5
1.2,144050009,Computer Science & Engineering,M.S. by research (Exit Degree),Sony Japan,4
1.2,170100012,Mechanical Engineering,B.Tech.,International Asset Reconstruction Company Private Limited,1
1.2,170110017,Metallurgical Engineering and Materials Science,B.Tech.,Mastercard,1
1.2,150040110,Engineering Physics,Dual Degree (B.Tech. + M.Tech.),NEC,3
1.2,160020058,"Mechanical Engineering, Mechanical Engineering",Dual Degree (B.Tech. + M.Tech.),PricewaterhouseCoopers Service Delivery Center (Bangalore) Pvt Ltd - MC Analytics,1
1.2,16D070012,Electrical Engineering,Dual Degree (B.Tech. + M.Tech.),Honda R&D,2
1.2,170260037,Engineering Physics,B.Tech.,Mastercard,1
1.2,193050008,Computer Science & Engineering,M.Tech.,Taiwan Semiconductor Manufacturing Company,7
1.2,170040075,Civil Engineering,B.Tech.,Mastercard,1
1.2,170100001,Mechanical Engineering,B.Tech.,Mastercard,1
1.2,16D070043,Electrical Engineering,Dual Degree (B.Tech. + M.Tech.),Honda R&D,1
1.2,170050036,Computer Science & Engineering,B.Tech.,Quadeye (QE Securities LLP),2
1.2,183079029,Electrical Engineering,M.Tech.,Taiwan Semiconductor Manufacturing Company,4
1.2,170020010,Mechanical Engineering,B.Tech.,Arpwood Capital,1
1.2,18305R002,Computer Science & Engineering,M.Tech.,Cohesity,1
1.2,18305R004,Computer Science & Engineering,M.Tech.,Flipkart,3
1.2,160040084,Mechanical Engineering,Dual Degree (B.Tech. + M.Tech.),Mastercard,1
1.2,195060011,Earth Sciences,M.Sc.,"Cairn Oil & Gas, Vedanta Limited",1
1.2,160110063,Metallurgical Engineering and Materials Science,Dual Degree (B.Tech. + M.Tech.),PricewaterhouseCoopers Service Delivery Center (Bangalore) Pvt Ltd - MC Analytics,1
1.2,193050006,Computer Science & Engineering,M.Tech.,APT Portfolio Pvt Ld,2
1.2,170070046,Electrical Engineering,B.Tech.,Honda R&D,1
1.2,18307R004,Electrical Engineering,M.Tech.,Honda R&D,3
1.2,170040099,Mechanical Engineering,B.Tech.,Mastercard,1
1.2,170100074,Mechanical Engineering,B.Tech.,Jaguar Land Rover India Limited,3
1.2,18307R001,Electrical Engineering,M.Tech.,NEC,5
1.2,170050059,Computer Science & Engineering,B.Tech.,Quadeye (QE Securities LLP),2
1.2,16D110024,Mechanical Engineering,Dual Degree (B.Tech. + M.Tech.),McKinsey Knowledge Center,1
1.2,16D070060,Electrical Engineering,Dual Degree (B.Tech. + M.Tech.),Flipkart,1
1.2,170110078,Chemical Engineering,B.Tech.,Reckitt Benckiser,1
1.2,183079015,Electrical Engineering,M.Tech.,Sony Japan,2
1.2,170050078,Computer Science & Engineering,B.Tech.,Cohesity,1
1.2,160040100,Electrical Engineering,Dual Degree (B.Tech. + M.Tech.),Morgan Stanley,1
1.2,160260026,"Engineering Physics, Industrial Engineering & Operations Research",Dual Degree (B.Tech. + M.Tech.),McKinsey Knowledge Center,1
1.2,183079008,Electrical Engineering,M.Tech.,Honda R&D,3
1.2,16D110009,Electrical Engineering,Dual Degree (B.Tech. + M.Tech.),Morgan Stanley,2
1.2,16D070055,Electrical Engineering,Dual Degree (B.Tech. + M.Tech.),McKinsey Knowledge Center,1
14.1,193060007,Earth Sciences,M.Tech.,Halliburton,1
14.1,195300021,Biosciences and Bioengineering,M.Sc.,Yashraj Biotechnology Ltd,2
14.1,19304T001,Civil Engineering,M.Tech.,ESRI,1
14.1,170050054,Computer Science & Engineering,B.Tech.,Multiliving Technologies Pvt. Ltd,1
14.1,193110037,Metallurgical Engineering and Materials Science,M.Tech.,Halliburton,1
14.1,170050052,Computer Science & Engineering,B.Tech.,ICICI Securities Limited,3
14.1,195280027,Applied Statistics and Informatics,M.Sc.,IDFC First Bank,6
14.1,195280014,Applied Statistics and Informatics,M.Sc.,IDFC First Bank,6
14.1,195280022,Applied Statistics and Informatics,M.Sc.,ICICI Securities Limited,2
14.1,160010015,Aerospace Engineering,B.Tech.,Enser Communications,1
14.1,193230008,Systems & Control Engineering,M.Tech.,ICICI Securities Limited,3
14.1,154110015,Metallurgical Engineering and Materials Science,Ph.D.,Halliburton,1
14.1,18I190011,Industrial Engineering & Operations Research,M.Sc.,ICICI Securities Limited,2
14.1,195280032,Applied Statistics and Informatics,M.Sc.,ICICI Securities Limited,2
14.1,193060012,Earth Sciences,M.Tech.,Halliburton,1
14.1,17B080019,Economics,B.S.,Enser Communications,2
14.1,16D170021,"Energy Science and Engineering, Energy Science and Engineering",Dual Degree (B.Tech. + M.Tech.),Enser Communications,2
14.1,193310018,Geoinformatics and Natural Resources Engineering,M.Tech.,ESRI,1
14.1,193050081,Computer Science & Engineering,M.Tech.,IDfy,1
15.1,193050074,Computer Science & Engineering,M.Tech.,CEREMORPHIC INDIA PRIVATE LIMITED,3
15.1,193040070,Civil Engineering,M.Tech.,Shapoorji Pallonji and Company Pvt Ltd,1
15.1,193050086,Computer Science & Engineering,M.Tech.,CEREMORPHIC INDIA PRIVATE LIMITED,3
15.1,160100069,Mechanical Engineering,Dual Degree (B.Tech. + M.Tech.),64squares,1
15.1,193050076,Computer Science & Engineering,M.Tech.,CEREMORPHIC INDIA PRIVATE LIMITED,3
2.1,193050034,Computer Science & Engineering,M.Tech.,Oracle,2
2.1,193110062,Metallurgical Engineering and Materials Science,M.Tech.,ExxonMobil Lubricants Private Limited,2
2.1,193310005,Geoinformatics and Natural Resources Engineering,M.Tech.,Sysmex Corporation,2
2.1,170100113,Mechanical Engineering,B.Tech.,IQVIA,1
2.1,170110043,Metallurgical Engineering and Materials Science,B.Tech.,IQVIA,1
2.1,193072001,Electrical Engineering,M.Tech.,Intel,2
2.1,183079016,Electrical Engineering,M.Tech.,Bajaj Auto Ltd,2
2.1,193050084,Computer Science & Engineering,M.Tech.,Oracle,2
2.1,170050062,Computer Science & Engineering,B.Tech.,Oracle,1
2.1,193050055,Computer Science & Engineering,M.Tech.,Intel,1
2.1,193050077,Computer Science & Engineering,M.Tech.,Oracle,2
2.1,18307R025,Electrical Engineering,M.Tech.,Intel,2
2.1,160020001,Electrical Engineering,Dual Degree (B.Tech. + M.Tech.),Sysmex Corporation,2
2.1,170100105,Mechanical Engineering,B.Tech.,Bajaj Auto Ltd,1
2.1,170100063,Mechanical Engineering,B.Tech.,ExxonMobil Lubricants Private Limited,3
2.1,160100092,Mechanical Engineering,Dual Degree (B.Tech. + M.Tech.),ExxonMobil Lubricants Private Limited,3
2.1,16D110010,Metallurgical Engineering and Materials Science,Dual Degree (B.Tech. + M.Tech.),American Express,1
2.1,193050061,Computer Science & Engineering,M.Tech.,Oracle,1
2.1,170040011,Chemical Engineering,B.Tech.,American Express,1
2.1,170070009,Electrical Engineering,B.Tech.,"Samsung Research Institute, Bangalore",2
2.1,18307R016,Electrical Engineering,M.Tech.,Intel,2
2.1,170050073,Computer Science & Engineering,B.Tech.,Oracle,1
2.1,193050043,Computer Science & Engineering,M.Tech.,"Samsung Research Institute, Bangalore",1
2.1,150010001,Mechanical Engineering,B.Tech.,Flow Traders,2
2.1,193050025,Computer Science & Engineering,M.Tech.,AlphaGrep,1
2.1,170070055,Electrical Engineering,B.Tech.,Bajaj Auto Ltd,1
2.1,193310016,Geoinformatics and Natural Resources Engineering,M.Tech.,Sysmex Corporation,2
2.1,193010037,Aerospace Engineering,M.Tech.,Bajaj Auto Ltd,2
2.1,16D170011,"Energy Science and Engineering, Energy Science and Engineering",Dual Degree (B.Tech. + M.Tech.),Flow Traders,2
2.1,160110028,Electrical Engineering,Dual Degree (B.Tech. + M.Tech.),Oracle,2
2.1,193050050,Computer Science & Engineering,M.Tech.,"Samsung Research Institute, Bangalore",1
2.1,193070082,Electrical Engineering,M.Tech.,Intel,2
2.1,193050031,Computer Science & Engineering,M.Tech.,"Samsung Research Institute, Bangalore",1
2.1,16D100007,Mechanical Engineering,Dual Degree (B.Tech. + M.Tech.),American Express,1
2.1,170050068,Computer Science & Engineering,B.Tech.,AlphaGrep,1
2.1,170100020,Mechanical Engineering,B.Tech.,Bajaj Auto Ltd,1
2.1,16D170007,"Energy Science and Engineering, Energy Science and Engineering",Dual Degree (B.Tech. + M.Tech.),Black & Veatch Pvt Ltd,1
2.1,193010019,Aerospace Engineering,M.Tech.,IQVIA,1
2.1,193070047,Electrical Engineering,M.Tech.,Intel,2
2.1,170100091,Computer Science & Engineering,B.Tech.,Sprinklr,2
2.1,193050046,Computer Science & Engineering,M.Tech.,Oracle,1
2.1,18307R007,Electrical Engineering,M.Tech.,ExxonMobil Lubricants Private Limited,2
2.1,18307R011,Electrical Engineering,M.Tech.,Samsung Semiconductor,1
2.1,193050087,Computer Science & Engineering,M.Tech.,"Samsung Research Institute, Bangalore",1
2.1,17B030022,Chemistry,B.S.,American Express,1
2.1,16D070053,Electrical Engineering,Dual Degree (B.Tech. + M.Tech.),Oracle,2
2.1,16D070059,Electrical Engineering,Dual Degree (B.Tech. + M.Tech.),FinMechanics India Pvt. Ltd.,1
2.1,183059006,Computer Science & Engineering,M.Tech.,"Samsung Research Institute, Bangalore",1
2.1,193050001,Computer Science & Engineering,M.Tech.,Samsung Semiconductor,2
2.1,193050097,Computer Science & Engineering,M.Tech.,Oracle,2
2.1,183079013,Electrical Engineering,M.Tech.,Bajaj Auto Ltd,2
2.1,170040084,Civil Engineering,B.Tech.,American Express,1
2.1,193070084,Electrical Engineering,M.Tech.,Intel,2
2.1,193100042,Mechanical Engineering,M.Tech.,ExxonMobil Lubricants Private Limited,1
2.1,170070030,Electrical Engineering,B.Tech.,"Samsung Research Institute, Bangalore",2
2.1,193020052,Chemical Engineering,M.Tech.,ExxonMobil Lubricants Private Limited,2
2.1,183109011,Mechanical Engineering,M.Tech.,ExxonMobil Lubricants Private Limited,1
2.1,193010018,Aerospace Engineering,M.Tech.,IQVIA,1
2.1,193070043,Electrical Engineering,M.Tech.,Samsung Semiconductor,1
2.1,193070050,Electrical Engineering,M.Tech.,Intel,2
2.1,193050015,Computer Science & Engineering,M.Tech.,Adobe,1
2.1,16D070057,Electrical Engineering,Dual Degree (B.Tech. + M.Tech.),Intel,2
2.1,193050066,Computer Science & Engineering,M.Tech.,Oracle,1
2.1,193020022,Chemical Engineering,M.Tech.,ExxonMobil Lubricants Private Limited,1
2.1,170050056,Computer Science & Engineering,B.Tech.,Oracle,2
2.1,193040018,Civil Engineering,M.Tech.,Oracle,2
2.1,170070058,Electrical Engineering,B.Tech.,Oracle,1
2.1,193050069,Computer Science & Engineering,M.Tech.,Oracle,1
2.1,17D110022,Engineering Physics,B.Tech.,FinMechanics India Pvt. Ltd.,1
2.1,18310R005,Mechanical Engineering,M.Tech.,Bajaj Auto Ltd,2
2.1,193040014,Civil Engineering,M.Tech.,IQVIA,1
2.1,193050062,Computer Science & Engineering,M.Tech.,Oracle,1
2.1,18307R024,Electrical Engineering,M.Tech.,Intel,2
2.1,160100013,Mechanical Engineering,Dual Degree (B.Tech. + M.Tech.),ExxonMobil Lubricants Private Limited,3
2.1,170050013,Computer Science & Engineering,B.Tech.,Oracle,1
2.1,193050045,Computer Science & Engineering,M.Tech.,Oracle,1
2.1,183079025,Electrical Engineering,M.Tech.,Oracle,1
2.1,160040025,Civil Engineering,Dual Degree (B.Tech. + M.Tech.),ExxonMobil Lubricants Private Limited,3
2.1,160020019,Electrical Engineering,Dual Degree (B.Tech. + M.Tech.),Sysmex Corporation,2
2.1,170100077,Mechanical Engineering,B.Tech.,Miebach Consulting India Pvt. Ltd.,1
2.1,18307R018,Electrical Engineering,M.Tech.,Samsung Semiconductor,1
2.1,170020056,Chemical Engineering,B.Tech.,Miebach Consulting India Pvt. Ltd.,1
2.1,170100111,Mechanical Engineering,B.Tech.,American Express,1
2.1,193050038,Computer Science & Engineering,M.Tech.,Oracle,1
2.1,193050002,Computer Science & Engineering,M.Tech.,Oracle,1
2.1,193050003,Computer Science & Engineering,M.Tech.,Oracle,1
2.1,16D070037,Electrical Engineering,Dual Degree (B.Tech. + M.Tech.),American Express,1
2.1,193050079,Computer Science & Engineering,M.Tech.,Samsung Semiconductor,2
2.1,17B080018,Economics,B.S.,FinMechanics India Pvt. Ltd.,1
2.1,170100034,Mechanical Engineering,B.Tech.,Adobe,1
2.1,170040034,Civil Engineering,B.Tech.,Oracle,2
2.1,183079020,Electrical Engineering,M.Tech.,Samsung Semiconductor,1
2.2,160010034,"Aerospace Engineering, Aerospace Engineering",Dual Degree (B.Tech. + M.Tech.),Eaton,1
2.2,193050010,Computer Science & Engineering,M.Tech.,LINE Corporation,1
2.2,193050064,Computer Science & Engineering,M.Tech.,Mathworks India Private Limited,2
2.2,170020123,Chemical Engineering,B.Tech.,Ernst & Young LLP,1
2.2,17D070018,Electrical Engineering,B.Tech.,Plutus Research Private Limited,2
2.2,193050054,Computer Science & Engineering,M.Tech.,Amazon Development Centre (India) Pvt Ltd,1
2.2,170260006,Engineering Physics,B.Tech.,World Wide Technology,1
2.2,170020069,Chemical Engineering,B.Tech.,Jaguar Land Rover India Limited,1
2.2,18305R007,Computer Science & Engineering,M.Tech.,PayPal India,1
2.2,193050028,Computer Science & Engineering,M.Tech.,Dream 11,1
2.2,18307R034,Electrical Engineering,M.Tech.,Eaton,1
2.2,160010017,"Aerospace Engineering, Aerospace Engineering",Dual Degree (B.Tech. + M.Tech.),Citi,1
2.2,193100010,Mechanical Engineering,M.Tech.,Eaton,1
2.2,170050015,Computer Science & Engineering,B.Tech.,Jaguar Land Rover India Limited,1
2.2,193100024,Mechanical Engineering,M.Tech.,Eaton,1
2.2,160040113,Civil Engineering,B.Tech.,Ernst & Young LLP,1
2.2,170040116,Civil Engineering,B.Tech.,Zomato,2
2.2,183059001,Computer Science & Engineering,M.Tech.,NVIDIA,1
2.2,160100032,"Mechanical Engineering, Mechanical Engineering",Dual Degree (B.Tech. + M.Tech.),Citi,1
2.2,183079021,Electrical Engineering,M.Tech.,Mediatek Tech Ltd,1
2.2,170040086,Civil Engineering,B.Tech.,Ernst & Young LLP,1
2.2,16D100019,Mechanical Engineering,Dual Degree (B.Tech. + M.Tech.),Citi,1
2.2,170020020,Chemical Engineering,B.Tech.,Dr Reddy's Laboratories,1
2.2,16U130009,"Industrial Design Centre, Industrial Design Centre",Dual Degree (B.Des. + M. Des.),PayU Payments,4
2.2,193050013,Computer Science & Engineering,M.Tech.,SAP Labs India,3
2.2,170040035,Civil Engineering,B.Tech.,PayPal India,1
2.2,160070011,"Electrical Engineering, Engineering Physics",Dual Degree (B.Tech. + M.Tech.),Jaguar Land Rover India Limited,2
2.2,18307R005,Electrical Engineering,M.Tech.,Eaton,1
2.2,160050102,"Computer Science & Engineering, Computer Science & Engineering",Dual Degree (B.Tech. + M.Tech.),VMware,1
2.2,195280019,Applied Statistics and Informatics,M.Sc.,Citi,2
2.2,170020016,Computer Science & Engineering,B.Tech.,Zomato,1
2.2,170070035,Electrical Engineering,B.Tech.,Jaguar Land Rover India Limited,1
2.2,193310022,Geoinformatics and Natural Resources Engineering,M.Tech.,PayPal India,1
2.2,193070059,Electrical Engineering,M.Tech.,Mediatek Tech Ltd,1
2.2,160110043,Metallurgical Engineering and Materials Science,Dual Degree (B.Tech. + M.Tech.),Citi,1
2.2,170050105,Computer Science & Engineering,B.Tech.,VMware,1
2.2,193050021,Computer Science & Engineering,M.Tech.,Dream 11,1
2.2,193050078,Computer Science & Engineering,M.Tech.,VMware,1
2.2,16D070048,Electrical Engineering,Dual Degree (B.Tech. + M.Tech.),Ernst & Young LLP,1
2.2,170050051,Computer Science & Engineering,B.Tech.,Jaguar Land Rover India Limited,1
2.2,193070026,Electrical Engineering,M.Tech.,Eaton,1
2.2,183079012,Electrical Engineering,M.Tech.,Eaton,1
2.2,170100081,Mechanical Engineering,B.Tech.,SAP Labs India,4
2.2,160100012,Mechanical Engineering,Dual Degree (B.Tech. + M.Tech.),Wells Fargo,1
2.2,16D070014,"Electrical Engineering, Electrical Engineering",Dual Degree (B.Tech. + M.Tech.),Hitachi Japan,1
2.2,195280003,Applied Statistics and Informatics,M.Sc.,Wells Fargo,2
2.2,170110048,Metallurgical Engineering and Materials Science,B.Tech.,AB InBev India,1
2.2,16D070019,Electrical Engineering,Dual Degree (B.Tech. + M.Tech.),LINE Corporation,1
2.2,170070017,Electrical Engineering,B.Tech.,Zomato,1
2.2,170020098,Chemical Engineering,B.Tech.,Ernst & Young LLP,1
2.2,193050029,Computer Science & Engineering,M.Tech.,Dream 11,1
2.2,195280024,Applied Statistics and Informatics,M.Sc.,Citi,2
2.2,153070003,"Electrical Engineering, Electrical Engineering",Dual Degree (M.Tech. + Ph.D.),Mathworks India Private Limited,3
2.2,16D260009,Engineering Physics,Dual Degree (B.Tech. + M.Tech.),Jaguar Land Rover India Limited,1
2.2,16D110002,Metallurgical Engineering and Materials Science,Dual Degree (B.Tech. + M.Tech.),Jaguar Land Rover India Limited,1
2.2,170070042,Electrical Engineering,B.Tech.,Enphase Energy,5
2.2,193050070,Computer Science & Engineering,M.Tech.,Mathworks India Private Limited,2
2.2,193050009,Computer Science & Engineering,M.Tech.,SAP Labs India,3
2.2,16D110019,Mechanical Engineering,Dual Degree (B.Tech. + M.Tech.),AB InBev India,1
2.2,17307R016,Electrical Engineering,M.Tech.,Mathworks India Private Limited,2
2.2,170040026,Chemical Engineering,B.Tech.,Dr Reddy's Laboratories,1
2.2,170050049,Computer Science & Engineering,B.Tech.,Wells Fargo,1
2.2,193050099,Computer Science & Engineering,M.Tech.,Dream 11,1
2.2,183079003,Electrical Engineering,M.Tech.,NVIDIA,1
2.2,170050100,Computer Science & Engineering,B.Tech.,Wells Fargo,1
2.2,193050053,Computer Science & Engineering,M.Tech.,PayPal India,1
2.2,170100086,Mechanical Engineering,B.Tech.,Zomato,1
2.2,170100051,Mechanical Engineering,B.Tech.,World Wide Technology,1
2.2,193070001,Electrical Engineering,M.Tech.,Mathworks India Private Limited,2
2.2,14T070003,"Electrical Engineering, Electrical Engineering",Dual Degree (M.Tech. + Ph.D.),Mediatek Tech Ltd,1
2.2,170010012,Aerospace Engineering,B.Tech.,Ernst & Young LLP,1
2.2,183059002,Computer Science & Engineering,M.Tech.,NVIDIA,1
2.2,170050092,Computer Science & Engineering,B.Tech.,NVIDIA,1
2.2,170070024,Electrical Engineering,B.Tech.,NVIDIA,1
2.2,170010032,Aerospace Engineering,B.Tech.,World Wide Technology,1
2.2,170100016,Mechanical Engineering,B.Tech.,Zomato,1
2.2,170100109,Mechanical Engineering,B.Tech.,Mathworks India Private Limited,1
2.2,170020044,Chemical Engineering,B.Tech.,Dr Reddy's Laboratories,1
2.2,193100025,Mechanical Engineering,M.Tech.,Eaton,1
2.2,193050023,Computer Science & Engineering,M.Tech.,Wells Fargo,2
2.2,193050040,Computer Science & Engineering,M.Tech.,NVIDIA,1
2.2,160010018,"Aerospace Engineering, Aerospace Engineering",Dual Degree (B.Tech. + M.Tech.),Citi,1
2.2,183079002,Electrical Engineering,M.Tech.,Hitachi Japan,10
2.2,170020107,Chemical Engineering,B.Tech.,Dr Reddy's Laboratories,1
2.2,18305R008,Computer Science & Engineering,M.Tech.,PayPal India,1
2.2,170070004,Electrical Engineering,B.Tech.,World Wide Technology,1
2.2,170040048,Civil Engineering,B.Tech.,Ernst & Young LLP,1
2.2,170100075,Computer Science & Engineering,B.Tech.,Zomato,1
2.2,183079019,Electrical Engineering,M.Tech.,Mediatek Tech Ltd,1
2.2,193170015,Energy Science and Engineering,M.Tech.,Eaton,1
2.2,16D170009,"Energy Science and Engineering, Energy Science and Engineering",Dual Degree (B.Tech. + M.Tech.),Ernst & Young LLP,1
2.2,160100007,"Mechanical Engineering, Mechanical Engineering",Dual Degree (B.Tech. + M.Tech.),Citi,1
2.2,195280016,Applied Statistics and Informatics,M.Sc.,Wells Fargo,2
2.2,170070060,Electrical Engineering,B.Tech.,Jaguar Land Rover India Limited,2
3.1,193070046,Electrical Engineering,M.Tech.,Micron Technologies Operation India LLP,1
3.1,170050007,Computer Science & Engineering,B.Tech.,Robert Bosch Engineering and Business Solutions Private Limited,2
3.1,16D100016,Mechanical Engineering,Dual Degree (B.Tech. + M.Tech.),Axis Bank,1
3.1,193310023,Geoinformatics and Natural Resources Engineering,M.Tech.,Rakuten Mobile Inc,1
3.1,170100097,Mechanical Engineering,B.Tech.,Indus Insights and Analytical Services,1
3.1,16D110014,Metallurgical Engineering and Materials Science,Dual Degree (B.Tech. + M.Tech.),Axis Bank,1
3.1,170040076,Civil Engineering,B.Tech.,TATA Projects,1
3.1,170020111,Chemical Engineering,B.Tech.,Axis Bank,2
3.1,170040082,Civil Engineering,B.Tech.,TATA Projects,1
3.1,17D100010,Mechanical Engineering,B.Tech.,TATA Projects,1
3.1,150010014,Aerospace Engineering,B.Tech.,Rakuten Bank,1
3.1,170010022,Aerospace Engineering,B.Tech.,ICICI Bank,1
3.1,170020041,Chemical Engineering,B.Tech.,TATA Projects,1
3.1,193040061,Civil Engineering,M.Tech.,Axis Bank,2
3.1,170100067,Mechanical Engineering,B.Tech.,TATA Projects,3
3.1,193310007,Geoinformatics and Natural Resources Engineering,M.Tech.,Rakuten Mobile Inc,1
3.1,170100042,Mechanical Engineering,B.Tech.,Axis Bank,2
3.1,183079033,Electrical Engineering,M.Tech.,Micron Technologies Operation India LLP,2
3.1,170070037,Electrical Engineering,B.Tech.,Axis Bank,2
3.1,170040046,Civil Engineering,B.Tech.,TATA Projects,1
3.1,193050098,Computer Science & Engineering,M.Tech.,Rakuten Mobile Inc,1
3.1,170050037,Computer Science & Engineering,B.Tech.,Robert Bosch Engineering and Business Solutions Private Limited,1
3.1,17B030014,Chemistry,B.S.,ICICI Bank,1
3.1,170020117,Chemical Engineering,B.Tech.,ICICI Bank,1
3.1,170100116,Mechanical Engineering,B.Tech.,TATA Projects,1
3.1,18307R022,Electrical Engineering,M.Tech.,Micron Technologies Operation India LLP,1
3.1,193050049,Computer Science & Engineering,M.Tech.,Enphase Energy,1
3.1,170070045,Electrical Engineering,B.Tech.,Micron Technologies Operation India LLP,1
3.1,170100057,Mechanical Engineering,B.Tech.,TATA Projects,3
3.1,193310003,Geoinformatics and Natural Resources Engineering,M.Tech.,Rakuten Mobile Inc,1
3.1,193110003,Metallurgical Engineering and Materials Science,M.Tech.,Applied Materials,1
3.1,17B080025,Economics,B.S.,ICICI Bank,1
3.1,193110046,Metallurgical Engineering and Materials Science,M.Tech.,Applied Materials,1
3.1,170020021,Chemical Engineering,B.Tech.,TATA Projects,3
3.1,170020014,Mechanical Engineering,B.Tech.,TATA Projects,1
3.1,193310002,Geoinformatics and Natural Resources Engineering,M.Tech.,Rakuten Mobile Inc,1
3.1,170040031,Civil Engineering,B.Tech.,Sprinklr,4
3.1,160100073,Mechanical Engineering,Dual Degree (B.Tech. + M.Tech.),ICICI Bank,1
3.1,193170013,Energy Science and Engineering,M.Tech.,ANZ Bank,8
3.1,18307R020,Electrical Engineering,M.Tech.,Micron Technologies Operation India LLP,4
3.1,16D260002,Engineering Physics,Dual Degree (B.Tech. + M.Tech.),Rakuten Bank,1
3.1,170040004,Civil Engineering,B.Tech.,Rakuten Bank,1
3.1,170040024,Civil Engineering,B.Tech.,Sprinklr,3
3.1,193070060,Electrical Engineering,M.Tech.,Micron Technologies Operation India LLP,11
3.1,170050033,Computer Science & Engineering,B.Tech.,Rakuten Bank,1
3.1,193040067,Civil Engineering,M.Tech.,Axis Bank,1
3.1,160100081,Mechanical Engineering,Dual Degree (B.Tech. + M.Tech.),Rakuten Mobile Inc,1
3.1,183079004,Electrical Engineering,M.Tech.,NXP Semiconductors,2
3.1,193170018,Energy Science and Engineering,M.Tech.,Rakuten Mobile Inc,1
3.1,183079034,Electrical Engineering,M.Tech.,Micron Technologies Operation India LLP,10
3.1,170110045,Metallurgical Engineering and Materials Science,B.Tech.,Axis Bank,2
3.1,170020124,Chemical Engineering,B.Tech.,Navi Technologies Pvt Ltd,3
3.1,170040015,Civil Engineering,B.Tech.,Axis Bank,2
3.1,160040026,Civil Engineering,Dual Degree (B.Tech. + M.Tech.),KLA Tencor,2
3.1,16D110007,Metallurgical Engineering and Materials Science,Dual Degree (B.Tech. + M.Tech.),Sprinklr,4
3.1,193110057,Metallurgical Engineering and Materials Science,M.Tech.,ANZ Bank,6
3.1,170050082,Computer Science & Engineering,B.Tech.,Rakuten Mobile Inc,1
3.1,18307R010,Electrical Engineering,M.Tech.,Rakuten Mobile Inc,1
3.1,170040081,Civil Engineering,B.Tech.,Navi Technologies Pvt Ltd,4
3.1,160110024,"Metallurgical Engineering and Materials Science , Electrical Engineering",Dual Degree (B.Tech. + M.Tech.),Micron Technologies Operation India LLP,14
3.1,17B030002,Chemical Engineering,B.Tech.,Axis Bank,2
3.1,170040009,Mechanical Engineering,B.Tech.,Enphase Energy,4
3.1,170020009,Chemical Engineering,B.Tech.,TATA Projects,3
3.1,170010028,Aerospace Engineering,B.Tech.,Morgan Stanley IT,1
3.1,170040020,Civil Engineering,B.Tech.,ICICI Bank,1
3.1,170020075,Chemical Engineering,B.Tech.,Rakuten Mobile Inc,1
3.1,18307R012,Electrical Engineering,M.Tech.,Micron Technologies Operation India LLP,11
3.1,170070049,Electrical Engineering,B.Tech.,Micron Technologies Operation India LLP,2
3.1,17B030018,Chemistry,B.S.,ICICI Bank,1
3.1,170020071,Chemical Engineering,B.Tech.,ANZ Bank,6
3.1,16D260007,Engineering Physics,Dual Degree (B.Tech. + M.Tech.),KLA Tencor,2
3.1,193050042,Computer Science & Engineering,M.Tech.,Enphase Energy,1
3.1,170100115,Mechanical Engineering,B.Tech.,TATA Projects,1
3.1,17B030007,Mechanical Engineering,B.Tech.,ICICI Bank,1
3.1,170050098,Computer Science & Engineering,B.Tech.,JioSaavn Media,1
3.1,183079017,Electrical Engineering,M.Tech.,Enphase Energy,7
3.1,193040060,Civil Engineering,M.Tech.,Axis Bank,2
3.1,193100081,Mechanical Engineering,M.Tech.,Rakuten Bank,1
3.1,170020046,Chemical Engineering,B.Tech.,ICICI Bank,1
3.1,16D100020,Mechanical Engineering,Dual Degree (B.Tech. + M.Tech.),Axis Bank,1
3.1,170040105,Civil Engineering,B.Tech.,TATA Projects,1
3.1,170100040,Mechanical Engineering,B.Tech.,Enphase Energy,4
3.1,193110039,Metallurgical Engineering and Materials Science,M.Tech.,Cargill,1
3.1,170110075,Metallurgical Engineering and Materials Science,B.Tech.,ICICI Bank,1
3.1,193050039,Computer Science & Engineering,M.Tech.,JioSaavn Media,1
3.1,170040098,Civil Engineering,B.Tech.,TATA Projects,1
3.1,18307R006,Electrical Engineering,M.Tech.,Enphase Energy,3
3.1,170100011,Mechanical Engineering,B.Tech.,TATA Projects,3
3.1,170040115,Civil Engineering,B.Tech.,TATA Projects,1
3.1,170070057,Electrical Engineering,B.Tech.,Micron Technologies Operation India LLP,1
3.1,17B030023,Chemistry,B.S.,ICICI Bank,1
3.1,170070012,Electrical Engineering,B.Tech.,Enphase Energy,3
3.1,193020056,Chemical Engineering,M.Tech.,Micron Technologies Operation India LLP,2
3.1,170070039,Electrical Engineering,B.Tech.,Robert Bosch Engineering and Business Solutions Private Limited,1
3.1,193050067,Computer Science & Engineering,M.Tech.,Enphase Energy,1
3.1,170050004,Computer Science & Engineering,B.Tech.,JioSaavn Media,1
3.1,170050055,Computer Science & Engineering,B.Tech.,Robert Bosch Engineering and Business Solutions Private Limited,2
3.1,160010004,"Aerospace Engineering, Aerospace Engineering",Dual Degree (B.Tech. + M.Tech.),Axis Bank,1
3.1,193190014,Industrial Engineering & Operations Research,M.Tech.,ANZ Bank,8
3.1,160020073,Electrical Engineering,Dual Degree (B.Tech. + M.Tech.),Enphase Energy,1
3.2,193070009,Electrical Engineering,M.Tech.,Philips India Limited,1
3.2,170110013,Metallurgical Engineering and Materials Science,B.Tech.,Accenture Japan Ltd,1
3.2,160010042,Mechanical Engineering,Dual Degree (B.Tech. + M.Tech.),Navi Technologies Pvt Ltd,1
3.2,18305R010,Computer Science & Engineering,M.Tech.,MTX Group,2
3.2,183079007,Electrical Engineering,M.Tech.,Cadence,10
3.2,193070076,Electrical Engineering,M.Tech.,Xilinx India Technology Services Pvt Ltd,1
3.2,183079032,Electrical Engineering,M.Tech.,Cadence,11
3.2,193310011,Geoinformatics and Natural Resources Engineering,M.Tech.,Mercedes-Benz Research and Development India Private Limited,1
3.2,18307R017,Electrical Engineering,M.Tech.,Cadence,1
3.2,183076002,Electrical Engineering,M.Tech.,Xilinx India Technology Services Pvt Ltd,1
3.2,16D070033,Electrical Engineering,Dual Degree (B.Tech. + M.Tech.),Xilinx India Technology Services Pvt Ltd,2
3.2,193050037,Computer Science & Engineering,M.Tech.,Xilinx India Technology Services Pvt Ltd,2
3.2,170020037,Chemical Engineering,B.Tech.,ANZ Bank,7
3.2,160100051,"Mechanical Engineering, Mechanical Engineering",Dual Degree (B.Tech. + M.Tech.),Philips India Limited,2
3.2,193100071,Mechanical Engineering,M.Tech.,Honeywell,1
3.2,193190013,Industrial Engineering & Operations Research,M.Tech.,ANZ Bank,4
3.2,183079027,Electrical Engineering,M.Tech.,Cadence,4
3.2,193100043,Mechanical Engineering,M.Tech.,ANZ Bank,11
3.2,193300013,Biosciences and Bioengineering,M.Tech.,Cadence,5
3.2,183079036,Electrical Engineering,M.Tech.,Mercedes-Benz Research and Development India Private Limited,1
3.2,170070011,Electrical Engineering,B.Tech.,Udaan,4
3.2,170040089,Civil Engineering,B.Tech.,Navi Technologies Pvt Ltd,1
3.2,16D170013,"Energy Science and Engineering, Energy Science and Engineering",Dual Degree (B.Tech. + M.Tech.),Accenture Japan Ltd,1
3.2,183079001,Electrical Engineering,M.Tech.,Cadence,7
3.2,193070058,Electrical Engineering,M.Tech.,Xilinx India Technology Services Pvt Ltd,1
3.2,183079026,Electrical Engineering,M.Tech.,Xilinx India Technology Services Pvt Ltd,1
3.2,193070035,Electrical Engineering,M.Tech.,Mercedes-Benz Research and Development India Private Limited,3
3.2,134316002,Geoinformatics and Natural Resources Engineering,Ph.D.,Xilinx India Technology Services Pvt Ltd,4
3.2,170010019,Aerospace Engineering,B.Tech.,Navi Technologies Pvt Ltd,1
3.2,193110008,Metallurgical Engineering and Materials Science,M.Tech.,ANZ Bank,11
3.2,170010027,Aerospace Engineering,B.Tech.,HiLabs Inc.,2
3.2,193190010,Industrial Engineering & Operations Research,M.Tech.,DHL,1
3.2,170040010,Civil Engineering,B.Tech.,ANZ Bank,3
4.1,193310008,Geoinformatics and Natural Resources Engineering,M.Tech.,General Mills,1
4.1,16D170031,"Energy Science and Engineering, Energy Science and Engineering",Dual Degree (B.Tech. + M.Tech.),ICF Consulting,1
4.1,16D070016,Electrical Engineering,Dual Degree (B.Tech. + M.Tech.),Reliance Jio,1
4.1,193040044,Civil Engineering,M.Tech.,General Mills,1
4.1,193170004,Energy Science and Engineering,M.Tech.,Sedemac Mechatronics Pvt Ltd,1
4.1,16D170010,"Energy Science and Engineering, Energy Science and Engineering",Dual Degree (B.Tech. + M.Tech.),Sedemac Mechatronics Pvt Ltd,1
4.1,160040017,Civil Engineering,Dual Degree (B.Tech. + M.Tech.),Sedemac Mechatronics Pvt Ltd,1
4.1,18307R027,Electrical Engineering,M.Tech.,Synopsys,1
4.1,170050050,Computer Science & Engineering,B.Tech.,Reliance Jio,1
4.1,170040052,Chemical Engineering,B.Tech.,ZunRoof Tech Pvt Ltd,1
4.1,16D170022,"Energy Science and Engineering, Energy Science and Engineering",Dual Degree (B.Tech. + M.Tech.),ICF Consulting,1
4.1,193170017,Energy Science and Engineering,M.Tech.,ICF Consulting,1
4.1,170050084,Computer Science & Engineering,B.Tech.,Schlumberger,1
4.1,193170009,Energy Science and Engineering,M.Tech.,General Mills,1
4.1,170050017,Computer Science & Engineering,B.Tech.,Reliance Jio,1
4.1,170010030,Aerospace Engineering,B.Tech.,Societe Generale Global Solution Center Pvt. Ltd,1
4.1,170020051,Chemical Engineering,B.Tech.,Reliance Jio,2
4.1,193040010,Civil Engineering,M.Tech.,General Mills,1
4.1,16D070028,"Electrical Engineering, Electrical Engineering",Dual Degree (B.Tech. + M.Tech.),Sedemac Mechatronics Pvt Ltd,2
4.1,170100047,Mechanical Engineering,B.Tech.,Sedemac Mechatronics Pvt Ltd,1
4.1,16D170002,"Energy Science and Engineering, Energy Science and Engineering",Dual Degree (B.Tech. + M.Tech.),Sedemac Mechatronics Pvt Ltd,1
4.1,18307R028,Electrical Engineering,M.Tech.,Synopsys,1
4.1,170070025,Electrical Engineering,B.Tech.,Jio Platforms Ltd. - 5G R&D Division,1
4.1,170100080,Mechanical Engineering,B.Tech.,Sedemac Mechatronics Pvt Ltd,1
4.2,170040074,Civil Engineering,B.Tech.,eightfold.ai,1
4.2,17B080016,Economics,B.S.,HiLabs Inc.,1
4.2,193070065,Electrical Engineering,M.Tech.,Silabs India Private Limited (Silicon Labs company),3
4.2,17B080002,Economics,B.S.,EXL Decision Analytics,1
4.2,170100019,Mechanical Engineering,B.Tech.,kubric,3
4.2,160010029,"Aerospace Engineering, Aerospace Engineering",Dual Degree (B.Tech. + M.Tech.),Tata Consultancy Services,1
4.2,170110018,Metallurgical Engineering and Materials Science,B.Tech.,EXL Decision Analytics,1
4.2,193010021,Aerospace Engineering,M.Tech.,Tata Consultancy Services,1
4.2,170100052,Mechanical Engineering,B.Tech.,EXL Decision Analytics,1
4.2,18307R029,Electrical Engineering,M.Tech.,Silabs India Private Limited (Silicon Labs company),3
4.2,170070020,Electrical Engineering,B.Tech.,Silabs India Private Limited (Silicon Labs company),2
4.2,170040007,Civil Engineering,B.Tech.,EXL Decision Analytics,1
4.2,170040068,Civil Engineering,B.Tech.,HiLabs Inc.,1
4.2,183079009,Electrical Engineering,M.Tech.,Tata Consultancy Services,1
4.2,16D070004,Electrical Engineering,Dual Degree (B.Tech. + M.Tech.),HiLabs Inc.,1
4.2,170020094,Chemical Engineering,B.Tech.,Qure.ai,2
4.2,170010058,Aerospace Engineering,B.Tech.,EXL Decision Analytics,1
4.2,170010004,Aerospace Engineering,B.Tech.,EXL Decision Analytics,1
4.2,193310017,Geoinformatics and Natural Resources Engineering,M.Tech.,Pixxel,2
4.2,193070069,Electrical Engineering,M.Tech.,Silabs India Private Limited (Silicon Labs company),1
4.2,18305R009,Computer Science & Engineering,M.Tech.,eightfold.ai,1
4.2,193020011,Chemical Engineering,M.Tech.,Tata Consultancy Services,1
4.2,170070014,Electrical Engineering,B.Tech.,Qure.ai,2
4.2,195280035,Applied Statistics and Informatics,M.Sc.,Eli Lilly,1
4.2,193310009,Geoinformatics and Natural Resources Engineering,M.Tech.,eightfold.ai,1
4.2,193310010,Geoinformatics and Natural Resources Engineering,M.Tech.,Delhivery,2
4.2,195280011,Applied Statistics and Informatics,M.Sc.,Eli Lilly,1
4.2,170020106,Chemical Engineering,B.Tech.,EXL Decision Analytics,1
4.2,170260041,Engineering Physics,B.Tech.,Delhivery,1
4.2,160010047,"Aerospace Engineering, Aerospace Engineering",Dual Degree (B.Tech. + M.Tech.),Tata Consultancy Services,1
5.1,193040051,Civil Engineering,M.Tech.,Advanced Structural Engineering Consultants India LLP,1
5.1,16D170020,"Energy Science and Engineering, Energy Science and Engineering",Dual Degree (B.Tech. + M.Tech.),Tata CliQ,2
5.1,170020100,Chemical Engineering,B.Tech.,HDFC Bank,1
5.1,16D070002,Electrical Engineering,Dual Degree (B.Tech. + M.Tech.),WIPRO Ltd,1
5.1,18307R008,Electrical Engineering,M.Tech.,Pwc PL,3
5.1,193020050,Chemical Engineering,M.Tech.,Navin Fluorine International Lmited,1
5.1,16D070034,Electrical Engineering,Dual Degree (B.Tech. + M.Tech.),WIPRO Ltd,1
5.1,170100046,Mechanical Engineering,B.Tech.,Axxela Advisory Services,1
5.1,170110056,Metallurgical Engineering and Materials Science,B.Tech.,ICICI Lombard GIC Ltd.,4
5.1,170010011,Aerospace Engineering,B.Tech.,IDFC First Bank,5
5.1,170110006,Metallurgical Engineering and Materials Science,B.Tech.,Axxela Advisory Services,1
5.1,170070029,Electrical Engineering,B.Tech.,IDFC First Bank,1
5.1,193010016,Aerospace Engineering,M.Tech.,Axis Bank,3
5.1,193190016,Industrial Engineering & Operations Research,M.Tech.,ICICI Lombard GIC Ltd.,3
5.1,170010060,Aerospace Engineering,B.Tech.,Coupa Software India Pvt. Ltd.,4
5.1,170020078,Chemical Engineering,B.Tech.,HDFC Life Insurance,1
5.1,16D260008,Engineering Physics,B.Tech.,HDFC Life Insurance,1
5.1,170070018,Electrical Engineering,B.Tech.,IDFC First Bank,1
5.1,170110076,Metallurgical Engineering and Materials Science,B.Tech.,Axis Bank,3
5.1,160110020,Metallurgical Engineering and Materials Science,Dual Degree (B.Tech. + M.Tech.),IDFC First Bank,2
5.1,193040071,Civil Engineering,M.Tech.,ICICI Lombard GIC Ltd.,5
5.1,193040004,Civil Engineering,M.Tech.,Advanced Structural Engineering Consultants India LLP,1
5.1,193050085,Computer Science & Engineering,M.Tech.,Coupa Software India Pvt. Ltd.,1
5.1,160110092,Metallurgical Engineering and Materials Science,B.Tech.,Coupa Software India Pvt. Ltd.,2
5.1,195280025,Applied Statistics and Informatics,M.Sc.,ICICI Lombard GIC Ltd.,3
5.1,170050020,Computer Science & Engineering,B.Tech.,HDFC Bank,1
5.1,193190024,Industrial Engineering & Operations Research,M.Tech.,Axis Bank,3
5.1,170040096,Civil Engineering,B.Tech.,Pwc PL,4
5.1,16D070035,Electrical Engineering,Dual Degree (B.Tech. + M.Tech.),Pwc PL,2
5.1,193190007,Industrial Engineering & Operations Research,M.Tech.,ICICI Lombard GIC Ltd.,7
5.1,195280012,Applied Statistics and Informatics,M.Sc.,ICICI Lombard GIC Ltd.,4
5.1,170110025,Metallurgical Engineering and Materials Science,B.Tech.,Pwc PL,1
5.1,170020062,Chemical Engineering,B.Tech.,HDFC Bank,1
5.1,170110024,Metallurgical Engineering and Materials Science,B.Tech.,HDFC Life Insurance,1
5.1,160020091,Chemical Engineering,B.Tech.,Tata CliQ,2
5.1,170040112,Civil Engineering,B.Tech.,ICICI Lombard GIC Ltd.,2
5.1,193010039,Aerospace Engineering,M.Tech.,Axis Bank,3
5.1,170010010,Aerospace Engineering,B.Tech.,Legato Health Technologies,1
5.1,170070026,Electrical Engineering,B.Tech.,IDFC First Bank,1
5.1,170110059,Metallurgical Engineering and Materials Science,B.Tech.,ICICI Lombard GIC Ltd.,5
5.1,170040092,Civil Engineering,B.Tech.,ICICI Lombard GIC Ltd.,5
5.1,173350016,Technology and Development,M.Tech.,ICICI Lombard GIC Ltd.,7
5.1,170100066,Mechanical Engineering,B.Tech.,Pwc PL,3
5.1,170020061,Chemical Engineering,B.Tech.,Coupa Software India Pvt. Ltd.,2
5.1,193190008,Industrial Engineering & Operations Research,M.Tech.,ICICI Lombard GIC Ltd.,3
5.1,13T070004,"Electrical Engineering, Electrical Engineering",Dual Degree (M.Tech. + Ph.D.),Max Linear,1
5.1,170260026,Engineering Physics,B.Tech.,Vantage Research,1
5.1,193040021,Civil Engineering,M.Tech.,Advanced Structural Engineering Consultants India LLP,1
5.1,170110033,Metallurgical Engineering and Materials Science,B.Tech.,Axxela Advisory Services,1
5.1,160100068,Mechanical Engineering,Dual Degree (B.Tech. + M.Tech.),IDFC First Bank,2
5.1,193350019,Technology and Development,M.Tech.,Invygo,1
5.1,170040088,Civil Engineering,B.Tech.,Pwc PL,1
5.1,16D070062,Electrical Engineering,Dual Degree (B.Tech. + M.Tech.),Pwc PL,1
5.1,17B030015,Chemistry,B.S.,Axis Bank,3
5.1,170010029,Aerospace Engineering,B.Tech.,WIPRO Ltd,1
5.1,170110010,Metallurgical Engineering and Materials Science,B.Tech.,IDFC First Bank,5
5.1,16D100018,Mechanical Engineering,Dual Degree (B.Tech. + M.Tech.),WIPRO Ltd,1
5.1,170110053,Metallurgical Engineering and Materials Science,B.Tech.,Axxela Advisory Services,1
5.1,170110041,Metallurgical Engineering and Materials Science,B.Tech.,Axxela Advisory Services,1
5.1,16D110026,Metallurgical Engineering and Materials Science,Dual Degree (B.Tech. + M.Tech.),IDFC First Bank,4
5.1,16D110023,Metallurgical Engineering and Materials Science,Dual Degree (B.Tech. + M.Tech.),HSBC Technology India,1
5.1,170020053,Chemical Engineering,B.Tech.,Pwc PL,2
5.1,193070049,Electrical Engineering,M.Tech.,Max Linear,3
5.1,160040029,Civil Engineering,Dual Degree (B.Tech. + M.Tech.),Advanced Structural Engineering Consultants India LLP,1
5.1,170010015,Aerospace Engineering,B.Tech.,ICICI Lombard GIC Ltd.,3
5.1,193020031,Chemical Engineering,M.Tech.,Navin Fluorine International Lmited,1
5.1,16D170014,"Energy Science and Engineering, Energy Science and Engineering",Dual Degree (B.Tech. + M.Tech.),Tata CliQ,2
5.1,160020014,Chemical Engineering,B.Tech.,Coupa Software India Pvt. Ltd.,4
6.1,170070050,Electrical Engineering,B.Tech.,Siemens Digital Industries Software,1
6.1,193350013,Technology and Development,M.Tech.,Pristine Retail Solutions Private Limited,2
6.1,170050083,Computer Science & Engineering,B.Tech.,Rippling,1
6.1,170110095,Metallurgical Engineering and Materials Science,B.Tech.,Testbook,2
6.1,170110016,Metallurgical Engineering and Materials Science,B.Tech.,Testbook,6
6.1,170050110,Computer Science & Engineering,B.Tech.,PolyMage Labs,1
6.1,170110080,Metallurgical Engineering and Materials Science,B.Tech.,Testbook,5
6.1,170020122,Chemical Engineering,B.Tech.,Ubisoft,1
6.1,193310019,Geoinformatics and Natural Resources Engineering,M.Tech.,XPOLogistics,2
6.1,170040050,Civil Engineering,B.Tech.,Testbook,1
6.1,170100083,Mechanical Engineering,B.Tech.,Ubisoft,5
6.1,160050012,Computer Science & Engineering,B.Tech.,XPOLogistics,2
6.1,170110096,Metallurgical Engineering and Materials Science,B.Tech.,Merilytics,4
6.1,193050089,Computer Science & Engineering,M.Tech.,XPOLogistics,1
6.1,170260040,Engineering Physics,B.Tech.,Siemens Digital Industries Software,1
6.1,193050073,Computer Science & Engineering,M.Tech.,TransUnion Global,1
6.1,193190025,Industrial Engineering & Operations Research,M.Tech.,XPOLogistics,2
6.1,193190009,Industrial Engineering & Operations Research,M.Tech.,Pristine Retail Solutions Private Limited,2
6.1,170040090,Civil Engineering,B.Tech.,Testbook,7
6.1,183079006,Electrical Engineering,M.Tech.,Siemens Digital Industries Software,1
6.1,170110034,Metallurgical Engineering and Materials Science,B.Tech.,Ubisoft,1
6.1,16D170012,"Energy Science and Engineering, Energy Science and Engineering",Dual Degree (B.Tech. + M.Tech.),Testbook,2
6.1,170110055,Metallurgical Engineering and Materials Science,B.Tech.,Testbook,6
6.1,170010038,Aerospace Engineering,B.Tech.,Testbook,5
6.1,170110023,Metallurgical Engineering and Materials Science,B.Tech.,Testbook,2
7.1,193050072,Computer Science & Engineering,M.Tech.,Appy Pie,1
7.1,16D260005,Engineering Physics,B.Tech.,o9 Solutions Management India Pvt Ltd,1
7.1,193040005,Civil Engineering,M.Tech.,pharmaACE- Analytics Centre of Excellence,2
7.1,170110032,Metallurgical Engineering and Materials Science,B.Tech.,Tata Capital Financial Services Limited,1
7.1,193350004,Technology and Development,M.Tech.,Searce,3
7.1,170100017,Mechanical Engineering,B.Tech.,Searce,2
7.1,170110028,Metallurgical Engineering and Materials Science,B.Tech.,pharmaACE- Analytics Centre of Excellence,2
7.1,170010008,Aerospace Engineering,B.Tech.,Javis Technologies Pvt. Ltd.,2
7.1,193100008,Mechanical Engineering,M.Tech.,Searce,5
7.1,170020060,Chemical Engineering,B.Tech.,o9 Solutions Management India Pvt Ltd,1
7.1,160040009,Civil Engineering,Dual Degree (B.Tech. + M.Tech.),Nation with Namo,1
7.1,16D070064,Electrical Engineering,Dual Degree (B.Tech. + M.Tech.),Menon & Menon Limited,3
7.1,193100032,Mechanical Engineering,M.Tech.,Searce,2
7.1,170100073,Mechanical Engineering,B.Tech.,Searce,5
7.1,170020088,Chemical Engineering,B.Tech.,Nation with Namo,1
7.1,170260010,Engineering Physics,B.Tech.,Tvarit GmbH,1
7.1,193100047,Mechanical Engineering,M.Tech.,Searce,2
7.1,193100069,Mechanical Engineering,M.Tech.,Searce,5
7.1,193190022,Industrial Engineering & Operations Research,M.Tech.,ORMAE LLP,1
7.1,193050063,Computer Science & Engineering,M.Tech.,Appy Pie,1
7.1,195280033,Applied Statistics and Informatics,M.Sc.,Tvarit GmbH,1
7.1,170110042,Metallurgical Engineering and Materials Science,B.Tech.,Tata Capital Financial Services Limited,1
7.1,170020017,Chemical Engineering,B.Tech.,Tata Capital Financial Services Limited,1
7.1,170100027,Mechanical Engineering,B.Tech.,Searce,5
7.1,170040083,Civil Engineering,B.Tech.,o9 Solutions Management India Pvt Ltd,1
7.1,170020085,Chemical Engineering,B.Tech.,pharmaACE- Analytics Centre of Excellence,2
7.1,193040047,Civil Engineering,M.Tech.,pharmaACE- Analytics Centre of Excellence,1
8.1,170040109,Civil Engineering,B.Tech.,Doubtnut,1
8.1,170040014,Civil Engineering,B.Tech.,Orbees Business Solutions,1
8.1,193310004,Geoinformatics and Natural Resources Engineering,M.Tech.,Vedantu Innovations Pvt. Ltd.,1
8.1,170050063,Computer Science & Engineering,B.Tech.,APNATIME TECH PRIVATE LIMITED,1
8.1,170040027,Civil Engineering,B.Tech.,Pingahla Solutions Private Limited,1
8.1,193310012,Geoinformatics and Natural Resources Engineering,M.Tech.,AIRA MATRIX,1
8.1,16D100014,Mechanical Engineering,Dual Degree (B.Tech. + M.Tech.),Pingahla Solutions Private Limited,1
8.1,15D070035,Electrical Engineering,B.Tech.,EQUENTIA FINANCIAL SERVICE PRIVATE LIMITED,1
8.1,193010038,Aerospace Engineering,M.Tech.,HCL Technologies Ltd.,7
8.1,170020028,Chemical Engineering,B.Tech.,Orbees Business Solutions,1
8.1,170020073,Chemical Engineering,B.Tech.,APNATIME TECH PRIVATE LIMITED,1
8.1,170020030,Chemical Engineering,B.Tech.,APNATIME TECH PRIVATE LIMITED,1
8.1,160050065,Computer Science & Engineering,B.Tech.,Vedantu Innovations Pvt. Ltd.,1
8.1,144070030,Electrical Engineering,Ph.D.,AIRA MATRIX,1
8.1,183079005,Electrical Engineering,M.Tech.,HCL Technologies Ltd.,7
8.1,170070002,Electrical Engineering,B.Tech.,Doubtnut,1
8.1,170020065,Chemical Engineering,B.Tech.,Doubtnut,1
8.1,170100093,Mechanical Engineering,B.Tech.,Pingahla Solutions Private Limited,1
8.1,170050061,Computer Science & Engineering,B.Tech.,Vedantu Innovations Pvt. Ltd.,1
8.1,193050096,Computer Science & Engineering,M.Tech.,NTT Data Services,1
8.1,193050051,Computer Science & Engineering,M.Tech.,Vedantu Innovations Pvt. Ltd.,1
8.1,193010040,Aerospace Engineering,M.Tech.,HCL Technologies Ltd.,2
8.1,170050023,Computer Science & Engineering,B.Tech.,APNATIME TECH PRIVATE LIMITED,1
9.1,170020108,Chemical Engineering,B.Tech.,Aarti Industries,2
9.1,193170007,Energy Science and Engineering,M.Tech.,Emote Electric,2
9.1,170020048,Chemical Engineering,B.Tech.,Fare Labs,1
9.1,170110086,Metallurgical Engineering and Materials Science,B.Tech.,LnT Infotech,8
9.1,170100084,Mechanical Engineering,B.Tech.,Fare Labs,1
9.1,170040091,Civil Engineering,B.Tech.,India Infoline Finance Limited,1
9.1,16D110022,Metallurgical Engineering and Materials Science,Dual Degree (B.Tech. + M.Tech.),India Infoline Finance Limited,1
9.1,170020004,Chemical Engineering,B.Tech.,Innoplexus consulting services pvt ltd,1
9.1,160110021,Metallurgical Engineering and Materials Science,Dual Degree (B.Tech. + M.Tech.),CASHe,1
9.1,193170011,Energy Science and Engineering,M.Tech.,Emote Electric,2
9.1,193010014,Aerospace Engineering,M.Tech.,LnT Infotech,3
9.1,170070016,Electrical Engineering,B.Tech.,LnT Infotech,9
9.1,170020042,Chemical Engineering,B.Tech.,Aarti Industries,2
9.1,193050032,Computer Science & Engineering,M.Tech.,LnT Infotech,9
9.1,170110062,Metallurgical Engineering and Materials Science,B.Tech.,LnT Infotech,8
9.1,170020115,Chemical Engineering,B.Tech.,LnT Infotech,8
9.1,193310015,Geoinformatics and Natural Resources Engineering,M.Tech.,CASHe,1
9.1,170020072,Chemical Engineering,B.Tech.,Aarti Industries,2
9.1,193100054,Mechanical Engineering,M.Tech.,Hind Rectifiers Ltd.,5
.,170050021,Computer Science & Engineering,B.Tech.,Placement Office,4
.,170020086,Chemical Engineering,B.Tech.,Placement Office,4
.,193040031,Civil Engineering,M.Tech.,Bridgei2i Analytics Solutions,1
.,193110058,Metallurgical Engineering and Materials Science,M.Tech.,Bridgei2i Analytics Solutions,1
1 (IDC).1,17U130012,Industrial Design Centre,B.Des.,JP Morgan Chase & Co,1
.,193310020,Geoinformatics and Natural Resources Engineering,M.Tech.,Tata Consultancy Services,11
.,140110029,Metallurgical Engineering and Materials Science,B.Tech.,Unacademy,1
.,170040033,Civil Engineering,B.Tech.,Placement Office,4
.,193310001,Geoinformatics and Natural Resources Engineering,M.Tech.,Geospoc Geospatial Services Pvt. Ltd,2
1 (IDC).1,16U130013,"Industrial Design Centre, Industrial Design Centre",Dual Degree (B.Des. + M. Des.),Info Edge,1
.,17B030030,Chemistry,B.S.,Sir H.N. Reliance Foundation Hospital & Research Centre,2
.,16D070029,Electrical Engineering,B.Tech.,Times Internet,1
.,170020058,Chemical Engineering,B.Tech.,Placement Office,4
.,16D070006,Electrical Engineering,Dual Degree (B.Tech. + M.Tech.),Placement Office,4
.,193190004,Industrial Engineering & Operations Research,M.Tech.,Accenture,1
1 (IDC).1,16U130022,"Industrial Design Centre, Industrial Design Centre",Dual Degree (B.Des. + M. Des.),Flipkart,4
.,170100022,Mechanical Engineering,B.Tech.,Placement Office,4
.,196390005,Industrial Design Centre,M.Des.,HCL Technologies Ltd.,8
.,154070001,Electrical Engineering,Ph.D.,Jio Institute,1
.,193110009,Metallurgical Engineering and Materials Science,M.Tech.,Tata Consultancy Services,11
.,170050043,Computer Science & Engineering,B.Tech.,Placement Office,4
.,170050089,Computer Science & Engineering,B.Tech.,Placement Office,4
.,170040036,Civil Engineering,B.Tech.,Placement Office,4
.,170050042,Computer Science & Engineering,B.Tech.,Placement Office,4
.,170100098,Mechanical Engineering,B.Tech.,TATA Steel,2
.,17U130020,Industrial Design Centre,B.Des.,HCL Technologies Ltd.,8
.,193100051,Mechanical Engineering,M.Tech.,Tata Consultancy Services,11
.,170010039,Mechanical Engineering,B.Tech.,Placement Office,4
.,196450001,Industrial Design Centre,M.Des.,Yuj Design,2
.,170050027,Computer Science & Engineering,B.Tech.,Placement Office,4
.,195280034,Applied Statistics and Informatics,M.Sc.,Placement Office,4
.,170050101,Computer Science & Engineering,B.Tech.,Placement Office,4
.,170040008,Mechanical Engineering,B.Tech.,Placement Office,4
2 (IDC).1,17U130027,Industrial Design Centre,B.Des.,Jio Platforms Limited - Design,1
.,170040002,Civil Engineering,B.Tech.,Armstrongltd.com,2
.,160260025,Engineering Physics,B.Tech.,krista software inc,1
.,16D100023,Mechanical Engineering,Dual Degree (B.Tech. + M.Tech.),Futures First,1
.,160110033,"Electrical Engineering, Electrical Engineering",Dual Degree (B.Tech. + M.Tech.),Placement Office,4
.,170040022,Computer Science & Engineering,B.Tech.,Placement Office,4
.,143350004,Technology and Development,Dual Degree (M.Tech. + Ph.D.),Jio Institute,1
.,18310R004,Mechanical Engineering,M.Tech.,Armstrongltd.com,1
.,196340001,Industrial Design Centre,M.Des.,Yuj Design,1
.,18I190007,Industrial Engineering & Operations Research,M.Sc.,Ecom Express,1
4 (IDC).1,196450013,Industrial Design Centre,M.Des.,HCL Technologies Ltd.,3
.,195280021,Applied Statistics and Informatics,M.Sc.,Bridgei2i Analytics Solutions,1
3 (IDC).1,196390006,Industrial Design Centre,M.Des.,LnT Infotech,10
.,170260036,Engineering Physics,B.Tech.,Placement Office,4
.,160100042,Mechanical Engineering,Dual Degree (B.Tech. + M.Tech.),Suzlon,1
.,170050035,Computer Science & Engineering,B.Tech.,Placement Office,4
3 (IDC).1,17U130006,Industrial Design Centre,B.Des.,Tata Consultancy Services,3
.,170050014,Computer Science & Engineering,B.Tech.,krista software inc,1
.,193350003,Technology and Development,M.Tech.,BAIFBAIF Research and Development Foundation,1
.,170070015,Computer Science & Engineering,B.Tech.,Placement Office,4
.,170070007,Computer Science & Engineering,B.Tech.,Placement Office,4
.,170070008,Electrical Engineering,B.Tech.,"Samsung Research Institute, Bangalore",3
.,170040111,Civil Engineering,B.Tech.,Armstrongltd.com,2
.,170040023,Civil Engineering,B.Tech.,Placement Office,4
.,170050030,Computer Science & Engineering,B.Tech.,Placement Office,4
.,196450005,Industrial Design Centre,M.Des.,Yuj Design,2
.,170100048,Mechanical Engineering,B.Tech.,Indian Space Research Organisation,1
.,170050064,Computer Science & Engineering,B.Tech.,Placement Office,4
3 (IDC).1,196450010,Industrial Design Centre,M.Des.,Tata Consultancy Services,6
.,16D070018,Electrical Engineering,Dual Degree (B.Tech. + M.Tech.),Placement Office,4
.,195280010,Applied Statistics and Informatics,M.Sc.,SIKSHA O ANUSANDHAN DEEMED TO BE UNIVERSITY,1
2 (IDC).1,196340005,Industrial Design Centre,M.Des.,Optum,2
.,170100082,Computer Science & Engineering,B.Tech.,Placement Office,4
.,170050057,Computer Science & Engineering,B.Tech.,Times Internet,1
3 (IDC).1,196340009,Industrial Design Centre,M.Des.,LnT Infotech,10
.,170020052,Chemical Engineering,B.Tech.,Fareye,1
.,193370001,Mechanical Engineering,M.Tech.,Mahindra & Mahindra Ltd.,1
.,170050079,Computer Science & Engineering,B.Tech.,Placement Office,4
.,193040009,Civil Engineering,M.Tech.,WSP Consultants India Pvt. Ltd.,1
.,170050102,Computer Science & Engineering,B.Tech.,Placement Office,4
.,183109001,Mechanical Engineering,M.Tech.,Accenture,1
.,17D110023,Metallurgical Engineering and Materials Science,B.Tech.,Placement Office,4
3 (IDC).1,196130011,Industrial Design Centre,M.Des.,Tata Consultancy Services,3
.,195320007,Applied Geophysics,M.Sc.,Oil and Natural Gas Corporation,1
.,170020023,Electrical Engineering,B.Tech.,Placement Office,4
.,170260020,Engineering Physics,B.Tech.,Placement Office,4
.,193010029,Aerospace Engineering,M.Tech.,Siemens Gamesa Renewable Energy Engineering Centre,1
3 (IDC).1,170110079,Metallurgical Engineering and Materials Science,B.Tech.,BRND Studio,1
.,170070041,Electrical Engineering,B.Tech.,ADAPT IDEATIONS,1
.,164020007,Chemical Engineering,Ph.D.,Indrashil University,1
.,16D070015,Electrical Engineering,Dual Degree (B.Tech. + M.Tech.),Placement Office,4
.,193110002,Metallurgical Engineering and Materials Science,M.Tech.,BYJU'S - The Learning App,1
.,193040011,Civil Engineering,M.Tech.,WSP Consultants India Pvt. Ltd.,1
.,193100058,Mechanical Engineering,M.Tech.,Siemens Gamesa Renewable Energy Engineering Centre,1
.,170040021,Mechanical Engineering,B.Tech.,Placement Office,4
.,193170014,Energy Science and Engineering,M.Tech.,Bridgei2i Analytics Solutions,1
3 (IDC).1,196330011,Industrial Design Centre,M.Des.,Tata Consultancy Services,10
1 (IDC).1,17U130003,Industrial Design Centre,B.Des.,Flipkart,4
.,193070020,Electrical Engineering,M.Tech.,Hero MotoCorp,1
.,18I190005,Industrial Engineering & Operations Research,M.Sc.,Placement Office,4
3 (IDC).1,17U130014,Industrial Design Centre,B.Des.,BRND Studio,1
4 (IDC).1,196450012,Industrial Design Centre,M.Des.,Infosys,1
.,196450002,Industrial Design Centre,M.Des.,HCL Technologies Ltd.,8
.,196330001,Industrial Design Centre,M.Des.,Placement Office,4
.,16D070042,"Electrical Engineering, Electrical Engineering",Dual Degree (B.Tech. + M.Tech.),Placement Office,4
.,193370002,Mechanical Engineering,M.Tech.,Bridgei2i Analytics Solutions,1
.,170010057,Aerospace Engineering,B.Tech.,krista software inc,1
.,195090016,Mathematics,M.Sc.,Placement Office,4
.,170010007,Aerospace Engineering,B.Tech.,Placement Office,4
.,170070023,Electrical Engineering,B.Tech.,Placement Office,4
1 (IDC).1,196330005,Industrial Design Centre,M.Des.,Atlassian,1
.,170260018,Engineering Physics,B.Tech.,Placement Office,4
.,160100070,Mechanical Engineering,Dual Degree (B.Tech. + M.Tech.),Placement Office,4
.,170070005,Computer Science & Engineering,B.Tech.,Placement Office,4
.,173350011,Technology and Development,M.Tech.,BAIFBAIF Research and Development Foundation,1
.,170100002,Mechanical Engineering,B.Tech.,Placement Office,4
.,170020090,Chemical Engineering,B.Tech.,Placement Office,4
.,170020055,Chemical Engineering,B.Tech.,Placement Office,4
.,193110007,Metallurgical Engineering and Materials Science,M.Tech.,TATA Steel,3
.,170020095,Chemical Engineering,B.Tech.,Placement Office,4
.,170020008,Chemical Engineering,B.Tech.,Placement Office,4
.,150010051,Aerospace Engineering,B.Tech.,krista software inc,1
.,193110060,Metallurgical Engineering and Materials Science,M.Tech.,Bridgei2i Analytics Solutions,1
2 (IDC).1,196330008,Industrial Design Centre,M.Des.,Optum,2
.,193110042,Metallurgical Engineering and Materials Science,M.Tech.,Neterwala Group,1
3 (IDC).1,196450006,Industrial Design Centre,M.Des.,Tata Consultancy Services,6
2 (IDC).1,17U130030,Industrial Design Centre,B.Des.,Postman,2
.,193020018,Chemical Engineering,M.Tech.,Technip,1
.,140110003,Metallurgical Engineering and Materials Science,B.Tech.,TalentServe,3
.,170100007,Mechanical Engineering,B.Tech.,TATA Steel,2
.,17U130002,Industrial Design Centre,B.Des.,Placement Office,4
.,170050016,Computer Science & Engineering,B.Tech.,Placement Office,4
.,160100065,Mechanical Engineering,B.Tech.,BYJU'S - The Learning App,1
.,193020035,Chemical Engineering,M.Tech.,Evonik,1
.,170020013,Electrical Engineering,B.Tech.,Placement Office,4
3 (IDC).1,196340003,Industrial Design Centre,M.Des.,BRND Studio,2
.,16D070007,Electrical Engineering,Dual Degree (B.Tech. + M.Tech.),Placement Office,4
.,170050039,Computer Science & Engineering,B.Tech.,Placement Office,4
.,193040006,Civil Engineering,M.Tech.,pharmaACE- Analytics Centre of Excellence,5
.,193020034,Chemical Engineering,M.Tech.,Bridgei2i Analytics Solutions,1
2 (IDC).1,16U130020,"Industrial Design Centre, Industrial Design Centre",Dual Degree (B.Des. + M. Des.),Jio Platforms Limited - Design,2
.,170070031,Electrical Engineering,B.Tech.,Placement Office,4
3 (IDC).1,196330013,Industrial Design Centre,M.Des.,Tata Consultancy Services,10
.,193170023,Energy Science and Engineering,M.Tech.,Solar Energy Corporation Of India Limited,1
.,183109009,Mechanical Engineering,M.Tech.,Armstrongltd.com,1
.,193040034,Civil Engineering,M.Tech.,MPhasis,1
.,170040051,Civil Engineering,B.Tech.,Placement Office,4
.,193020038,Chemical Engineering,M.Tech.,OmniActive Health Technologies,1
.,170070001,Electrical Engineering,B.Tech.,Placement Office,4
.,170010037,Aerospace Engineering,B.Tech.,HOC India Private Limited,2
.,193110025,Metallurgical Engineering and Materials Science,M.Tech.,TATA Steel,3
.,170050032,Computer Science & Engineering,B.Tech.,Placement Office,4
.,170050028,Computer Science & Engineering,B.Tech.,Placement Office,4
.,170040049,Civil Engineering,B.Tech.,HOC India Private Limited,2
.,196450003,Industrial Design Centre,M.Des.,Yuj Design,1
.,170040103,Mechanical Engineering,B.Tech.,Placement Office,4
.,170010031,Aerospace Engineering,B.Tech.,Procter and Gamble,2
.,196340012,Industrial Design Centre,M.Des.,Yuj Design,2
.,193010034,Aerospace Engineering,M.Tech.,Placement Office,4
.,170050040,Computer Science & Engineering,B.Tech.,Placement Office,4
.,170260034,Engineering Physics,B.Tech.,BYJU'S - The Learning App,1
.,170050066,Computer Science & Engineering,B.Tech.,Placement Office,4
.,170050048,Computer Science & Engineering,B.Tech.,Placement Office,4
.,18307R023,Electrical Engineering,M.Tech.,Mahindra & Mahindra Ltd.,1
.,195280026,Applied Statistics and Informatics,M.Sc.,Bridgei2i Analytics Solutions,1
.,193070030,Electrical Engineering,M.Tech.,John Deere India Pvt Ltd,1
.,195320013,Applied Geophysics,M.Sc.,Oil and Natural Gas Corporation,1
.,193190026,Industrial Engineering & Operations Research,M.Tech.,Blume Global India Pvt Ltd,1
.,170020089,Chemical Engineering,B.Tech.,Placement Office,4
.,170100004,Electrical Engineering,B.Tech.,Placement Office,4
.,193040008,Civil Engineering,M.Tech.,WSP Consultants India Pvt. Ltd.,1
.,193110055,Metallurgical Engineering and Materials Science,M.Tech.,TATA Steel,3
.,170070052,Electrical Engineering,B.Tech.,Placement Office,4
.,170050047,Computer Science & Engineering,B.Tech.,Placement Office,4
.,193020049,Chemical Engineering,M.Tech.,Amar Chemistry,3
.,170100009,Mechanical Engineering,B.Tech.,Placement Office,4
.,17U130011,Industrial Design Centre,B.Des.,Placement Office,4
.,170260032,Computer Science & Engineering,B.Tech.,Placement Office,4
.,16D070050,Electrical Engineering,Dual Degree (B.Tech. + M.Tech.),Placement Office,4
.,170050070,Computer Science & Engineering,B.Tech.,Placement Office,4
1 (IDC).1,196390009,Industrial Design Centre,M.Des.,Bajaj Auto Ltd,3
.,193040074,Civil Engineering,M.Tech.,Bridgei2i Analytics Solutions,1
.,17D110013,Metallurgical Engineering and Materials Science,B.Tech.,Placement Office,4
.,196450007,Industrial Design Centre,M.Des.,Cognizant,5
.,17B030006,Chemistry,B.S.,Placement Office,4
.,193010024,Aerospace Engineering,M.Tech.,KLA Tencor,7
.,170050077,Computer Science & Engineering,B.Tech.,Placement Office,4
.,170050095,Computer Science & Engineering,B.Tech.,Placement Office,4
4 (IDC).1,196450008,Industrial Design Centre,M.Des.,Infosys,1
.,170070028,Electrical Engineering,B.Tech.,Placement Office,4
.,170110049,Metallurgical Engineering and Materials Science,B.Tech.,Placement Office,4
.,193110043,Metallurgical Engineering and Materials Science,M.Tech.,HOC India Private Limited,2
.,195280015,Applied Statistics and Informatics,M.Sc.,SIKSHA O ANUSANDHAN DEEMED TO BE UNIVERSITY,1
.,170020038,Chemical Engineering,B.Tech.,KPMG,1
.,183059004,Computer Science & Engineering,M.Tech.,Placement Office,4
.,183016002,Aerospace Engineering,M.Tech.,International Centre for Entrepreneurship and Technology,1
.,170050069,Computer Science & Engineering,B.Tech.,Placement Office,4
.,170050046,Computer Science & Engineering,B.Tech.,Placement Office,4
.,170020099,Chemical Engineering,B.Tech.,Placement Office,4
.,195280029,Applied Statistics and Informatics,M.Sc.,Tata Consultancy Services,11
1 (IDC).1,196330012,Industrial Design Centre,M.Des.,JP Morgan Chase & Co,1
4 (IDC).1,196130014,Industrial Design Centre,M.Des.,Futuring Design Private Limited,1
.,170050009,Computer Science & Engineering,B.Tech.,Placement Office,4
.,170050103,Computer Science & Engineering,B.Tech.,Placement Office,4
.,193020027,Chemical Engineering,M.Tech.,Evonik,1
.,16D070003,Electrical Engineering,Dual Degree (B.Tech. + M.Tech.),Placement Office,4
2 (IDC).1,196340008,Industrial Design Centre,M.Des.,Jio Platforms Limited - Design,2
.,183109006,Mechanical Engineering,M.Tech.,Tata Consultancy Services,11
.,193050065,Computer Science & Engineering,M.Tech.,krista software inc,1
.,154300003,Biosciences and Bioengineering,Ph.D.,Sir H.N. Reliance Foundation Hospital & Research Centre,2
.,170070021,Electrical Engineering,B.Tech.,Placement Office,4
.,183109002,Mechanical Engineering,M.Tech.,Quantsapp Private limited,2
.,193310024,Geoinformatics and Natural Resources Engineering,M.Tech.,Accenture,1
.,170020068,Chemical Engineering,B.Tech.,BA Continuum India Private Limited,2
.,17U130015,Industrial Design Centre,B.Des.,Placement Office,4
.,170050094,Computer Science & Engineering,B.Tech.,Placement Office,4
.,170100043,Mechanical Engineering,B.Tech.,Indian Space Research Organisation,1
3 (IDC).1,17U130010,Industrial Design Centre,B.Des.,Tata Consultancy Services,4
.,170070022,Computer Science & Engineering,B.Tech.,Placement Office,4
.,170100070,Mechanical Engineering,B.Tech.,Placement Office,4
2 (IDC).1,16U130030,"Industrial Design Centre, Industrial Design Centre",Dual Degree (B.Des. + M. Des.),Urban Company,2
.,170050065,Computer Science & Engineering,B.Tech.,Placement Office,4
.,170040069,Civil Engineering,B.Tech.,KPMG,1
.,170110021,Metallurgical Engineering and Materials Science,B.Tech.,Bajaj Electricals,2
.,170260021,Engineering Physics,B.Tech.,Placement Office,4
.,16D170018,"Energy Science and Engineering, Energy Science and Engineering",Dual Degree (B.Tech. + M.Tech.),CarDekho,1
.,170010017,Aerospace Engineering,B.Tech.,Placement Office,4
3 (IDC).1,15U130025,"Industrial Design Centre, Industrial Design Centre",Dual Degree (B.Des. + M. Des.),Tata Consultancy Services,10
.,195280001,Applied Statistics and Informatics,M.Sc.,Placement Office,4
.,193040058,Civil Engineering,M.Tech.,Technip,2
.,170100029,Mechanical Engineering,B.Tech.,Placement Office,4
3 (IDC).1,196330002,Industrial Design Centre,M.Des.,Axis Bank,4
.,193190023,Industrial Engineering & Operations Research,M.Tech.,Blume Global India Pvt Ltd,1
.,193300018,Biosciences and Bioengineering,M.Tech.,Accenture,1
.,170050012,Computer Science & Engineering,B.Tech.,Placement Office,4
.,193040066,Civil Engineering,M.Tech.,Bridgei2i Analytics Solutions,1
.,183016001,Aerospace Engineering,M.Tech.,Quantum Phinance Pvt. Ltd,1
.,170020102,Chemical Engineering,B.Tech.,MPhasis,1
.,193071003,Electrical Engineering,M.Tech.,ADAPT IDEATIONS,1
.,170050034,Computer Science & Engineering,B.Tech.,Placement Office,4
.,193110059,Metallurgical Engineering and Materials Science,M.Tech.,TalentServe,3
.,193110004,Metallurgical Engineering and Materials Science,M.Tech.,Accenture,1
.,193180018,Environmental Science & Engineering,M.Tech.,Accenture,1
.,170070047,Electrical Engineering,B.Tech.,Placement Office,4
1 (IDC).1,196130003,Industrial Design Centre,M.Des.,Godrej & Boyce,1
.,170050096,Computer Science & Engineering,B.Tech.,Placement Office,4
.,170050086,Computer Science & Engineering,B.Tech.,Placement Office,4
.,183109012,Mechanical Engineering,M.Tech.,Siemens Gamesa Renewable Energy Engineering Centre,1
.,170040013,Civil Engineering,B.Tech.,Placement Office,4
.,193110041,Metallurgical Engineering and Materials Science,M.Tech.,TATA Steel,3
.,170100023,Mechanical Engineering,B.Tech.,Agami Engineering Consultants,1
.,170110094,Metallurgical Engineering and Materials Science,B.Tech.,Times Internet,2
.,170260004,Engineering Physics,B.Tech.,BA Continuum India Private Limited,2
1 (IDC).1,16U130006,"Industrial Design Centre, Industrial Design Centre",Dual Degree (B.Des. + M. Des.),JP Morgan Chase & Co,1
1 (IDC).1,16U130003,"Industrial Design Centre, Industrial Design Centre",Dual Degree (B.Des. + M. Des.),Info Edge,1
2 (IDC).1,16U130004,"Industrial Design Centre, Industrial Design Centre",Dual Degree (B.Des. + M. Des.),Jio Platforms Limited - Design,2
1 (IDC).1,196330010,Industrial Design Centre,M.Des.,Flipkart,4
.,196130012,Industrial Design Centre,M.Des.,IFB Industries Limited,1
.,193310006,Geoinformatics and Natural Resources Engineering,M.Tech.,Accenture,1
.,170040095,Civil Engineering,B.Tech.,Placement Office,4
.,193070071,Electrical Engineering,M.Tech.,John Deere India Pvt Ltd,1
2 (IDC).1,196330004,Industrial Design Centre,M.Des.,Urban Company,2
3 (IDC).1,196330009,Industrial Design Centre,M.Des.,Tata Consultancy Services,2
.,18I190008,Industrial Engineering & Operations Research,M.Sc.,Blume Global India Pvt Ltd,1
.,193020033,Chemical Engineering,M.Tech.,Johnson Matthey,1
.,170050087,Computer Science & Engineering,B.Tech.,Placement Office,4
.,193170011,Energy Science and Engineering,M.Tech.,Accenture,1
.,193070003,Electrical Engineering,M.Tech.,Qualcomm,16
.,170020003,Chemical Engineering,B.Tech.,Placement Office,4
.,193010017,Aerospace Engineering,M.Tech.,Tata Consultancy Services,11
.,193040072,Civil Engineering,M.Tech.,Tata Consultancy Services,11
.,170020043,Chemical Engineering,B.Tech.,Placement Office,4
.,170100107,Mechanical Engineering,B.Tech.,Indian Space Research Organisation,1
.,196390007,Industrial Design Centre,M.Des.,Hero MotoCorp,3
.,170050045,Computer Science & Engineering,B.Tech.,Placement Office,4
.,16D170024,"Mechanical Engineering, Mechanical Engineering",Dual Degree (B.Tech. + M.Tech.),Placement Office,4
4 (IDC).1,196390002,Industrial Design Centre,M.Des.,HCL Technologies Ltd.,3
.,196340007,Industrial Design Centre,M.Des.,HCL Technologies Ltd.,8
.,198080005,Humanities & Social Sciences,M.Phil.,BAIFBAIF Research and Development Foundation,1
.,195280017,Applied Statistics and Informatics,M.Sc.,SIKSHA O ANUSANDHAN DEEMED TO BE UNIVERSITY,1
1 (IDC).1,196130008,Industrial Design Centre,M.Des.,Microsoft India Pvt. Ltd.,3
.,16D070038,Electrical Engineering,Dual Degree (B.Tech. + M.Tech.),Placement Office,4
.,17U130008,Industrial Design Centre,B.Des.,Placement Office,4
.,193012002,Aerospace Engineering,M.Tech.,Tata Consultancy Services,11
.,16D110006,"Mechanical Engineering, Mechanical Engineering",Dual Degree (B.Tech. + M.Tech.),Placement Office,4
.,193180008,Environmental Science & Engineering,M.Tech.,BYJU'S - The Learning App,1
.,170050002,Computer Science & Engineering,B.Tech.,Placement Office,4
.,170040037,Civil Engineering,B.Tech.,Placement Office,4
.,195280036,Applied Statistics and Informatics,M.Sc.,Placement Office,4
.,193020057,Chemical Engineering,M.Tech.,Mondelez,1
.,170050031,Computer Science & Engineering,B.Tech.,Placement Office,4
.,170100108,Electrical Engineering,B.Tech.,Placement Office,4
.,173350001,Technology and Development,M.Tech.,BAIFBAIF Research and Development Foundation,1
.,196450009,Industrial Design Centre,M.Des.,HCL Technologies Ltd.,8
.,170020032,Electrical Engineering,B.Tech.,Placement Office,4
.,183079022,Electrical Engineering,M.Tech.,John Deere India Pvt Ltd,1
.,17B080007,Chemical Engineering,B.Tech.,Placement Office,4
.,170110009,Metallurgical Engineering and Materials Science,B.Tech.,Placement Office,4
.,17B080009,Economics,B.S.,Placement Office,4
.,17D070037,Electrical Engineering,B.Tech.,Placement Office,4
.,17B030003,Chemistry,B.S.,Placement Office,4
.,17D070010,Electrical Engineering,B.Tech.,Placement Office,4
.,170050038,Computer Science & Engineering,B.Tech.,Placement Office,4
.,170110054,Metallurgical Engineering and Materials Science,B.Tech.,Placement Office,4
3 (IDC).1,196340011,Industrial Design Centre,M.Des.,Tata Consultancy Services,2
.,193230015,Systems & Control Engineering,M.Tech.,Armstrongltd.com,1
.,18I190002,Industrial Engineering & Operations Research,M.Sc.,Ecom Express,1
4 (IDC).1,196340006,Industrial Design Centre,M.Des.,Infosys,1
.,193040045,Civil Engineering,M.Tech.,WSP Consultants India Pvt. Ltd.,2
.,154100012,Mechanical Engineering,Ph.D.,KLA Tencor,7
.,170100025,Mechanical Engineering,B.Tech.,Placement Office,4
.,196390001,Industrial Design Centre,M.Des.,Hero MotoCorp,2
.,150110090,Metallurgical Engineering and Materials Science,B.Tech.,Unacademy,1
.,193010007,Aerospace Engineering,M.Tech.,Tata Consultancy Services,11
.,196340004,Industrial Design Centre,M.Des.,Yuj Design,1
3 (IDC).1,196450004,Industrial Design Centre,M.Des.,Tata Consultancy Services,6
.,170070010,Computer Science & Engineering,B.Tech.,Placement Office,4
.,195060027,Earth Sciences,M.Sc.,Placement Office,4
.,193110056,Metallurgical Engineering and Materials Science,M.Tech.,Bridgei2i Analytics Solutions,1
.,170100037,Mechanical Engineering,B.Tech.,Placement Office,4
2 (IDC).1,196330003,Industrial Design Centre,M.Des.,Jio Platforms Limited - Design,2
.,170050088,Computer Science & Engineering,B.Tech.,krista software inc,1
.,160110087,Metallurgical Engineering and Materials Science,Dual Degree (B.Tech. + M.Tech.),Tata Consultancy Services,11
.,170040041,Mechanical Engineering,B.Tech.,Placement Office,4
.,193010041,Aerospace Engineering,M.Tech.,MPhasis,1
.,193350020,Technology and Development,M.Tech.,Sir H.N. Reliance Foundation Hospital & Research Centre,2
.,193100063,Mechanical Engineering,M.Tech.,Ecom Express,1
3 (IDC).1,196330006,Industrial Design Centre,M.Des.,Axis Bank,4
4 (IDC).1,196130015,Industrial Design Centre,M.Des.,Infosys,1
.,170050111,Computer Science & Engineering,B.Tech.,Placement Office,4
.,154076038,Electrical Engineering,Ph.D.,Intel,6
.,170040062,Civil Engineering,B.Tech.,Addverb Technologies,1
.,193020014,Chemical Engineering,M.Tech.,pharmaACE- Analytics Centre of Excellence,5
.,170050044,Computer Science & Engineering,B.Tech.,Placement Office,4
.,193190021,Industrial Engineering & Operations Research,M.Tech.,Accenture,1
.,193170008,Energy Science and Engineering,M.Tech.,Solar Energy Corporation Of India Limited,1
.,170100035,Mechanical Engineering,B.Tech.,Placement Office,4
.,170100053,Mechanical Engineering,B.Tech.,Indian Space Research Organisation,1
.,170010005,Aerospace Engineering,B.Tech.,Placement Office,4
.,170050093,Computer Science & Engineering,B.Tech.,Placement Office,4
.,170100078,Computer Science & Engineering,B.Tech.,Placement Office,4
.,170260035,Engineering Physics,B.Tech.,Placement Office,4
.,170070019,Electrical Engineering,B.Tech.,Placement Office,4
.,16D100009,Electrical Engineering,B.Tech.,Placement Office,4
.,170050026,Computer Science & Engineering,B.Tech.,Placement Office,4
.,17B080012,Economics,B.S.,HOC India Private Limited,2
.,170050108,Computer Science & Engineering,B.Tech.,Placement Office,4
.,170020080,Chemical Engineering,B.Tech.,Placement Office,4
.,17D070006,Electrical Engineering,B.Tech.,Placement Office,4
.,170260009,Engineering Physics,B.Tech.,krista software inc,1
.,193050059,Computer Science & Engineering,M.Tech.,Infosys,2
.,193180004,Environmental Science & Engineering,M.Tech.,Quantum Phinance Pvt. Ltd,1
2 (IDC).1,196130013,Industrial Design Centre,M.Des.,Jio Platforms Limited - Design,2
.,196450011,Industrial Design Centre,M.Des.,Yuj Design,1
.,170100088,Mechanical Engineering,B.Tech.,Indian Space Research Organisation,1
.,193040046,Civil Engineering,M.Tech.,pharmaACE- Analytics Centre of Excellence,5
.,154076029,Electrical Engineering,Ph.D.,Intel,6
.,170040042,Mechanical Engineering,B.Tech.,Placement Office,4
.,170020077,Chemical Engineering,B.Tech.,pharmaACE- Analytics Centre of Excellence,5
.,193070010,Electrical Engineering,M.Tech.,John Deere India Pvt Ltd,1
.,170050025,Computer Science & Engineering,B.Tech.,Placement Office,4
.,170050071,Computer Science & Engineering,B.Tech.,Placement Office,4
.,17D070059,Computer Science & Engineering,B.Tech.,Placement Office,4
.,193100044,Mechanical Engineering,M.Tech.,BYJU'S - The Learning App,1
.,170050005,Computer Science & Engineering,B.Tech.,Placement Office,4
.,170100028,Mechanical Engineering,B.Tech.,Placement Office,4
.,193100059,Mechanical Engineering,M.Tech.,BYJU'S - The Learning App,1
.,193100075,Mechanical Engineering,M.Tech.,Solar Energy Corporation Of India Limited,2
.,16D070061,Electrical Engineering,Dual Degree (B.Tech. + M.Tech.),Accenture,1
